inj_id,layer_weigths,bit_pos,n_injections,top_1_correct,top_5_correct,top_1_robust,top_5_robust,masked,non_critical,critical
0,conv1,"(16,2,2,0)",1
1,conv1,"(26,1,2,2)",12
2,conv1,"(17,0,2,2)",14
3,conv1,"(22,1,1,1)",6
4,conv1,"(28,0,1,2)",31
5,conv1,"(3,0,1,2)",25
6,conv1,"(17,2,0,2)",31
7,conv1,"(8,1,2,2)",27
8,conv1,"(12,1,0,2)",12
9,conv1,"(24,1,1,1)",4
10,conv1,"(20,1,2,1)",18
11,conv1,"(23,0,1,2)",13
12,conv1,"(15,1,0,1)",23
13,conv1,"(4,0,0,0)",13
14,conv1,"(31,2,2,1)",5
15,conv1,"(9,0,0,2)",10
16,conv1,"(31,1,1,2)",23
17,conv1,"(29,1,0,0)",6
18,conv1,"(31,0,1,0)",24
19,conv1,"(6,1,2,2)",13
20,conv1,"(18,1,0,0)",8
21,conv1,"(16,0,0,0)",4
22,conv1,"(14,0,2,2)",16
23,conv1,"(28,2,1,2)",25
24,conv1,"(22,1,1,1)",6
25,conv1,"(1,2,0,2)",29
26,conv1,"(31,2,0,1)",11
27,conv1,"(14,1,2,0)",23
28,conv1,"(10,2,1,2)",13
29,conv1,"(8,1,0,1)",23
30,conv1,"(6,2,1,0)",30
31,conv1,"(19,0,2,0)",2
32,layers.0.conv1,"(9,4,0,0)",4
33,layers.0.conv1,"(19,6,0,0)",22
34,layers.0.conv1,"(24,0,0,0)",21
35,layers.0.conv1,"(3,7,0,0)",7
36,layers.0.conv1,"(8,4,0,0)",2
37,layers.0.conv1,"(30,23,0,0)",19
38,layers.0.conv1,"(5,13,0,0)",17
39,layers.0.conv1,"(13,11,0,0)",7
40,layers.0.conv1,"(23,21,0,0)",6
41,layers.0.conv1,"(7,11,0,0)",4
42,layers.0.conv1,"(18,23,0,0)",31
43,layers.0.conv1,"(19,31,0,0)",18
44,layers.0.conv1,"(21,22,0,0)",3
45,layers.0.conv1,"(23,18,0,0)",17
46,layers.0.conv1,"(25,11,0,0)",10
47,layers.0.conv1,"(25,8,0,0)",16
48,layers.0.conv1,"(0,2,0,0)",2
49,layers.0.conv1,"(26,9,0,0)",17
50,layers.0.conv1,"(15,20,0,0)",3
51,layers.0.conv1,"(31,30,0,0)",13
52,layers.0.conv1,"(25,15,0,0)",2
53,layers.0.conv1,"(18,17,0,0)",12
54,layers.0.conv1,"(11,15,0,0)",17
55,layers.0.conv1,"(23,19,0,0)",13
56,layers.0.conv1,"(24,31,0,0)",31
57,layers.0.conv1,"(4,0,0,0)",6
58,layers.0.conv1,"(11,23,0,0)",31
59,layers.0.conv1,"(13,5,0,0)",17
60,layers.0.conv1,"(28,2,0,0)",15
61,layers.0.conv1,"(23,11,0,0)",23
62,layers.0.conv1,"(19,25,0,0)",12
63,layers.0.conv1,"(17,11,0,0)",24
64,layers.0.conv2,"(1,0,2,0)",12
65,layers.0.conv2,"(26,0,2,2)",23
66,layers.0.conv2,"(22,0,1,2)",10
67,layers.0.conv2,"(19,0,0,2)",1
68,layers.0.conv2,"(1,0,0,2)",26
69,layers.0.conv2,"(21,0,2,1)",21
70,layers.0.conv2,"(30,0,0,0)",2
71,layers.0.conv2,"(9,0,2,2)",12
72,layers.0.conv2,"(5,0,2,2)",6
73,layers.0.conv2,"(21,0,0,2)",7
74,layers.0.conv2,"(24,0,1,0)",16
75,layers.0.conv2,"(5,0,0,0)",23
76,layers.0.conv2,"(25,0,2,2)",11
77,layers.0.conv2,"(29,0,1,2)",8
78,layers.0.conv2,"(13,0,2,2)",26
79,layers.0.conv2,"(16,0,0,0)",19
80,layers.0.conv2,"(5,0,0,2)",22
81,layers.0.conv2,"(4,0,0,0)",28
82,layers.0.conv2,"(6,0,1,2)",22
83,layers.0.conv2,"(24,0,0,1)",26
84,layers.0.conv2,"(18,0,1,2)",1
85,layers.0.conv2,"(11,0,2,1)",17
86,layers.0.conv2,"(18,0,1,1)",6
87,layers.0.conv2,"(19,0,2,2)",10
88,layers.0.conv2,"(3,0,2,1)",17
89,layers.0.conv2,"(31,0,2,0)",17
90,layers.0.conv2,"(21,0,0,1)",5
91,layers.0.conv2,"(1,0,1,0)",24
92,layers.0.conv2,"(27,0,0,1)",6
93,layers.0.conv2,"(11,0,2,2)",31
94,layers.0.conv2,"(23,0,1,2)",22
95,layers.0.conv2,"(16,0,1,2)",1
96,layers.0.conv3,"(1,29,0,0)",28
97,layers.0.conv3,"(5,29,0,0)",10
98,layers.0.conv3,"(12,16,0,0)",14
99,layers.0.conv3,"(0,0,0,0)",11
100,layers.0.conv3,"(8,12,0,0)",1
101,layers.0.conv3,"(5,26,0,0)",2
102,layers.0.conv3,"(15,16,0,0)",11
103,layers.0.conv3,"(7,5,0,0)",6
104,layers.0.conv3,"(0,25,0,0)",6
105,layers.0.conv3,"(12,7,0,0)",6
106,layers.0.conv3,"(0,13,0,0)",20
107,layers.0.conv3,"(8,27,0,0)",19
108,layers.0.conv3,"(10,14,0,0)",22
109,layers.0.conv3,"(2,28,0,0)",22
110,layers.0.conv3,"(3,17,0,0)",15
111,layers.0.conv3,"(5,10,0,0)",6
112,layers.0.conv3,"(6,18,0,0)",8
113,layers.0.conv3,"(11,10,0,0)",26
114,layers.0.conv3,"(9,5,0,0)",31
115,layers.0.conv3,"(9,28,0,0)",1
116,layers.0.conv3,"(9,13,0,0)",23
117,layers.0.conv3,"(15,3,0,0)",27
118,layers.0.conv3,"(11,9,0,0)",31
119,layers.0.conv3,"(15,9,0,0)",11
120,layers.0.conv3,"(1,6,0,0)",3
121,layers.0.conv3,"(14,24,0,0)",16
122,layers.0.conv3,"(0,31,0,0)",30
123,layers.0.conv3,"(2,20,0,0)",17
124,layers.0.conv3,"(13,7,0,0)",12
125,layers.0.conv3,"(2,11,0,0)",30
126,layers.0.conv3,"(11,20,0,0)",21
127,layers.0.conv3,"(10,0,0,0)",5
128,layers.0.shortcut.0,"(5,1,0,0)",26
129,layers.0.shortcut.0,"(3,7,0,0)",12
130,layers.0.shortcut.0,"(0,23,0,0)",10
131,layers.0.shortcut.0,"(8,3,0,0)",4
132,layers.0.shortcut.0,"(9,1,0,0)",5
133,layers.0.shortcut.0,"(9,0,0,0)",11
134,layers.0.shortcut.0,"(0,29,0,0)",7
135,layers.0.shortcut.0,"(2,27,0,0)",3
136,layers.0.shortcut.0,"(11,22,0,0)",31
137,layers.0.shortcut.0,"(7,21,0,0)",12
138,layers.0.shortcut.0,"(14,9,0,0)",0
139,layers.0.shortcut.0,"(12,1,0,0)",26
140,layers.0.shortcut.0,"(1,1,0,0)",19
141,layers.0.shortcut.0,"(11,15,0,0)",31
142,layers.0.shortcut.0,"(5,21,0,0)",18
143,layers.0.shortcut.0,"(10,6,0,0)",28
144,layers.0.shortcut.0,"(15,10,0,0)",3
145,layers.0.shortcut.0,"(3,25,0,0)",5
146,layers.0.shortcut.0,"(3,16,0,0)",6
147,layers.0.shortcut.0,"(13,27,0,0)",3
148,layers.0.shortcut.0,"(13,1,0,0)",26
149,layers.0.shortcut.0,"(0,24,0,0)",30
150,layers.0.shortcut.0,"(4,27,0,0)",1
151,layers.0.shortcut.0,"(6,24,0,0)",1
152,layers.0.shortcut.0,"(14,7,0,0)",8
153,layers.0.shortcut.0,"(15,18,0,0)",9
154,layers.0.shortcut.0,"(7,26,0,0)",15
155,layers.0.shortcut.0,"(5,28,0,0)",1
156,layers.0.shortcut.0,"(12,26,0,0)",24
157,layers.0.shortcut.0,"(14,17,0,0)",28
158,layers.0.shortcut.0,"(6,22,0,0)",12
159,layers.0.shortcut.0,"(8,21,0,0)",25
160,layers.1.conv1,"(58,1,0,0)",11
161,layers.1.conv1,"(79,13,0,0)",5
162,layers.1.conv1,"(26,10,0,0)",16
163,layers.1.conv1,"(55,4,0,0)",17
164,layers.1.conv1,"(9,3,0,0)",12
165,layers.1.conv1,"(74,12,0,0)",11
166,layers.1.conv1,"(13,4,0,0)",24
167,layers.1.conv1,"(94,10,0,0)",1
168,layers.1.conv1,"(23,7,0,0)",29
169,layers.1.conv1,"(93,3,0,0)",1
170,layers.1.conv1,"(3,9,0,0)",23
171,layers.1.conv1,"(67,12,0,0)",16
172,layers.1.conv1,"(11,4,0,0)",7
173,layers.1.conv1,"(81,14,0,0)",31
174,layers.1.conv1,"(18,4,0,0)",25
175,layers.1.conv1,"(26,6,0,0)",25
176,layers.1.conv1,"(88,8,0,0)",11
177,layers.1.conv1,"(15,11,0,0)",2
178,layers.1.conv1,"(41,13,0,0)",31
179,layers.1.conv1,"(32,15,0,0)",19
180,layers.1.conv1,"(51,4,0,0)",15
181,layers.1.conv1,"(67,9,0,0)",23
182,layers.1.conv1,"(79,2,0,0)",0
183,layers.1.conv1,"(46,5,0,0)",16
184,layers.1.conv1,"(47,9,0,0)",14
185,layers.1.conv1,"(35,7,0,0)",2
186,layers.1.conv1,"(80,4,0,0)",24
187,layers.1.conv1,"(66,5,0,0)",31
188,layers.1.conv1,"(80,10,0,0)",20
189,layers.1.conv1,"(5,2,0,0)",26
190,layers.1.conv1,"(65,8,0,0)",11
191,layers.1.conv1,"(40,5,0,0)",29
192,layers.1.conv2,"(26,0,2,0)",10
193,layers.1.conv2,"(28,0,0,2)",4
194,layers.1.conv2,"(81,0,2,0)",10
195,layers.1.conv2,"(87,0,0,2)",27
196,layers.1.conv2,"(88,0,0,0)",25
197,layers.1.conv2,"(79,0,0,2)",22
198,layers.1.conv2,"(16,0,1,1)",14
199,layers.1.conv2,"(49,0,2,1)",8
200,layers.1.conv2,"(84,0,2,2)",11
201,layers.1.conv2,"(95,0,2,0)",21
202,layers.1.conv2,"(27,0,1,0)",20
203,layers.1.conv2,"(82,0,1,2)",13
204,layers.1.conv2,"(14,0,0,2)",11
205,layers.1.conv2,"(3,0,1,0)",9
206,layers.1.conv2,"(20,0,2,1)",13
207,layers.1.conv2,"(8,0,2,1)",17
208,layers.1.conv2,"(76,0,1,0)",7
209,layers.1.conv2,"(90,0,0,1)",3
210,layers.1.conv2,"(57,0,0,0)",22
211,layers.1.conv2,"(25,0,2,2)",25
212,layers.1.conv2,"(2,0,2,1)",0
213,layers.1.conv2,"(15,0,1,1)",20
214,layers.1.conv2,"(33,0,0,2)",15
215,layers.1.conv2,"(20,0,0,2)",19
216,layers.1.conv2,"(33,0,1,2)",12
217,layers.1.conv2,"(54,0,2,2)",16
218,layers.1.conv2,"(38,0,0,1)",23
219,layers.1.conv2,"(6,0,0,1)",9
220,layers.1.conv2,"(87,0,2,0)",22
221,layers.1.conv2,"(18,0,0,2)",9
222,layers.1.conv2,"(23,0,2,2)",4
223,layers.1.conv2,"(69,0,2,0)",26
224,layers.1.conv3,"(20,16,0,0)",8
225,layers.1.conv3,"(19,76,0,0)",24
226,layers.1.conv3,"(10,60,0,0)",13
227,layers.1.conv3,"(13,50,0,0)",1
228,layers.1.conv3,"(15,40,0,0)",24
229,layers.1.conv3,"(12,16,0,0)",19
230,layers.1.conv3,"(17,41,0,0)",17
231,layers.1.conv3,"(7,51,0,0)",20
232,layers.1.conv3,"(18,44,0,0)",30
233,layers.1.conv3,"(5,28,0,0)",24
234,layers.1.conv3,"(8,93,0,0)",24
235,layers.1.conv3,"(0,57,0,0)",23
236,layers.1.conv3,"(20,5,0,0)",15
237,layers.1.conv3,"(4,22,0,0)",8
238,layers.1.conv3,"(2,29,0,0)",22
239,layers.1.conv3,"(22,91,0,0)",15
240,layers.1.conv3,"(4,19,0,0)",31
241,layers.1.conv3,"(6,40,0,0)",18
242,layers.1.conv3,"(3,67,0,0)",30
243,layers.1.conv3,"(4,88,0,0)",21
244,layers.1.conv3,"(16,78,0,0)",0
245,layers.1.conv3,"(12,58,0,0)",3
246,layers.1.conv3,"(20,29,0,0)",19
247,layers.1.conv3,"(19,69,0,0)",11
248,layers.1.conv3,"(10,57,0,0)",1
249,layers.1.conv3,"(3,95,0,0)",18
250,layers.1.conv3,"(18,44,0,0)",19
251,layers.1.conv3,"(23,1,0,0)",21
252,layers.1.conv3,"(18,21,0,0)",2
253,layers.1.conv3,"(18,95,0,0)",21
254,layers.1.conv3,"(17,9,0,0)",3
255,layers.1.conv3,"(7,86,0,0)",8
256,layers.1.shortcut.0,"(4,0,0,0)",31
257,layers.1.shortcut.0,"(21,12,0,0)",15
258,layers.1.shortcut.0,"(3,11,0,0)",10
259,layers.1.shortcut.0,"(17,14,0,0)",27
260,layers.1.shortcut.0,"(1,15,0,0)",16
261,layers.1.shortcut.0,"(19,12,0,0)",27
262,layers.1.shortcut.0,"(6,3,0,0)",19
263,layers.1.shortcut.0,"(0,14,0,0)",2
264,layers.1.shortcut.0,"(3,13,0,0)",10
265,layers.1.shortcut.0,"(15,7,0,0)",30
266,layers.1.shortcut.0,"(15,12,0,0)",19
267,layers.1.shortcut.0,"(22,2,0,0)",0
268,layers.1.shortcut.0,"(10,9,0,0)",14
269,layers.1.shortcut.0,"(8,5,0,0)",12
270,layers.1.shortcut.0,"(2,15,0,0)",26
271,layers.1.shortcut.0,"(7,2,0,0)",22
272,layers.1.shortcut.0,"(5,1,0,0)",28
273,layers.1.shortcut.0,"(0,5,0,0)",31
274,layers.1.shortcut.0,"(5,6,0,0)",31
275,layers.1.shortcut.0,"(13,8,0,0)",1
276,layers.1.shortcut.0,"(10,7,0,0)",30
277,layers.1.shortcut.0,"(7,2,0,0)",20
278,layers.1.shortcut.0,"(7,7,0,0)",12
279,layers.1.shortcut.0,"(12,14,0,0)",23
280,layers.1.shortcut.0,"(2,15,0,0)",30
281,layers.1.shortcut.0,"(10,11,0,0)",26
282,layers.1.shortcut.0,"(16,12,0,0)",29
283,layers.1.shortcut.0,"(5,12,0,0)",8
284,layers.1.shortcut.0,"(8,4,0,0)",22
285,layers.1.shortcut.0,"(5,2,0,0)",13
286,layers.1.shortcut.0,"(12,10,0,0)",9
287,layers.1.shortcut.0,"(12,0,0,0)",14
288,layers.2.conv1,"(104,10,0,0)",10
289,layers.2.conv1,"(104,2,0,0)",17
290,layers.2.conv1,"(7,22,0,0)",10
291,layers.2.conv1,"(141,11,0,0)",12
292,layers.2.conv1,"(43,18,0,0)",10
293,layers.2.conv1,"(3,18,0,0)",24
294,layers.2.conv1,"(124,20,0,0)",18
295,layers.2.conv1,"(120,8,0,0)",9
296,layers.2.conv1,"(29,1,0,0)",22
297,layers.2.conv1,"(81,10,0,0)",22
298,layers.2.conv1,"(76,9,0,0)",11
299,layers.2.conv1,"(116,19,0,0)",10
300,layers.2.conv1,"(136,9,0,0)",25
301,layers.2.conv1,"(27,17,0,0)",28
302,layers.2.conv1,"(25,13,0,0)",7
303,layers.2.conv1,"(107,2,0,0)",30
304,layers.2.conv1,"(98,15,0,0)",11
305,layers.2.conv1,"(6,14,0,0)",6
306,layers.2.conv1,"(117,20,0,0)",11
307,layers.2.conv1,"(103,15,0,0)",12
308,layers.2.conv1,"(19,8,0,0)",20
309,layers.2.conv1,"(31,0,0,0)",14
310,layers.2.conv1,"(23,6,0,0)",19
311,layers.2.conv1,"(23,22,0,0)",7
312,layers.2.conv1,"(29,13,0,0)",3
313,layers.2.conv1,"(13,6,0,0)",27
314,layers.2.conv1,"(90,16,0,0)",12
315,layers.2.conv1,"(49,3,0,0)",2
316,layers.2.conv1,"(88,0,0,0)",1
317,layers.2.conv1,"(35,13,0,0)",11
318,layers.2.conv1,"(97,11,0,0)",18
319,layers.2.conv1,"(53,11,0,0)",30
320,layers.2.conv2,"(131,0,0,0)",8
321,layers.2.conv2,"(46,0,2,0)",22
322,layers.2.conv2,"(140,0,2,2)",0
323,layers.2.conv2,"(106,0,0,1)",19
324,layers.2.conv2,"(50,0,0,2)",25
325,layers.2.conv2,"(83,0,1,1)",19
326,layers.2.conv2,"(23,0,0,0)",27
327,layers.2.conv2,"(28,0,2,1)",19
328,layers.2.conv2,"(120,0,1,2)",19
329,layers.2.conv2,"(33,0,1,1)",2
330,layers.2.conv2,"(22,0,1,2)",22
331,layers.2.conv2,"(94,0,1,1)",12
332,layers.2.conv2,"(18,0,0,2)",6
333,layers.2.conv2,"(129,0,0,1)",10
334,layers.2.conv2,"(75,0,1,0)",25
335,layers.2.conv2,"(129,0,2,1)",1
336,layers.2.conv2,"(130,0,0,1)",8
337,layers.2.conv2,"(53,0,2,1)",23
338,layers.2.conv2,"(88,0,0,2)",24
339,layers.2.conv2,"(14,0,2,2)",29
340,layers.2.conv2,"(87,0,0,0)",21
341,layers.2.conv2,"(11,0,0,2)",22
342,layers.2.conv2,"(130,0,1,1)",19
343,layers.2.conv2,"(119,0,1,1)",0
344,layers.2.conv2,"(91,0,2,2)",7
345,layers.2.conv2,"(94,0,0,1)",14
346,layers.2.conv2,"(82,0,2,1)",23
347,layers.2.conv2,"(113,0,2,2)",7
348,layers.2.conv2,"(54,0,2,2)",22
349,layers.2.conv2,"(45,0,2,1)",15
350,layers.2.conv2,"(135,0,1,0)",1
351,layers.2.conv2,"(69,0,0,2)",11
352,layers.2.conv3,"(3,4,0,0)",16
353,layers.2.conv3,"(5,26,0,0)",0
354,layers.2.conv3,"(22,61,0,0)",25
355,layers.2.conv3,"(22,45,0,0)",16
356,layers.2.conv3,"(16,88,0,0)",5
357,layers.2.conv3,"(3,59,0,0)",1
358,layers.2.conv3,"(11,39,0,0)",8
359,layers.2.conv3,"(23,80,0,0)",22
360,layers.2.conv3,"(6,52,0,0)",28
361,layers.2.conv3,"(4,85,0,0)",16
362,layers.2.conv3,"(6,125,0,0)",0
363,layers.2.conv3,"(9,48,0,0)",0
364,layers.2.conv3,"(6,122,0,0)",12
365,layers.2.conv3,"(7,17,0,0)",9
366,layers.2.conv3,"(1,50,0,0)",21
367,layers.2.conv3,"(22,76,0,0)",11
368,layers.2.conv3,"(10,132,0,0)",9
369,layers.2.conv3,"(18,53,0,0)",13
370,layers.2.conv3,"(9,86,0,0)",5
371,layers.2.conv3,"(9,26,0,0)",11
372,layers.2.conv3,"(15,43,0,0)",8
373,layers.2.conv3,"(8,68,0,0)",23
374,layers.2.conv3,"(17,80,0,0)",23
375,layers.2.conv3,"(0,94,0,0)",30
376,layers.2.conv3,"(21,18,0,0)",27
377,layers.2.conv3,"(15,86,0,0)",26
378,layers.2.conv3,"(10,61,0,0)",18
379,layers.2.conv3,"(12,16,0,0)",31
380,layers.2.conv3,"(15,54,0,0)",20
381,layers.2.conv3,"(22,138,0,0)",23
382,layers.2.conv3,"(8,111,0,0)",29
383,layers.2.conv3,"(19,104,0,0)",24
384,layers.3.conv1,"(42,21,0,0)",27
385,layers.3.conv1,"(91,11,0,0)",2
386,layers.3.conv1,"(129,4,0,0)",22
387,layers.3.conv1,"(93,6,0,0)",12
388,layers.3.conv1,"(112,16,0,0)",4
389,layers.3.conv1,"(51,23,0,0)",21
390,layers.3.conv1,"(45,4,0,0)",28
391,layers.3.conv1,"(59,13,0,0)",26
392,layers.3.conv1,"(102,15,0,0)",29
393,layers.3.conv1,"(57,11,0,0)",0
394,layers.3.conv1,"(33,13,0,0)",9
395,layers.3.conv1,"(97,12,0,0)",28
396,layers.3.conv1,"(60,0,0,0)",21
397,layers.3.conv1,"(83,11,0,0)",15
398,layers.3.conv1,"(66,5,0,0)",27
399,layers.3.conv1,"(139,20,0,0)",25
400,layers.3.conv1,"(89,5,0,0)",11
401,layers.3.conv1,"(46,14,0,0)",23
402,layers.3.conv1,"(79,17,0,0)",5
403,layers.3.conv1,"(123,7,0,0)",20
404,layers.3.conv1,"(19,4,0,0)",20
405,layers.3.conv1,"(92,0,0,0)",23
406,layers.3.conv1,"(58,22,0,0)",11
407,layers.3.conv1,"(42,2,0,0)",4
408,layers.3.conv1,"(50,14,0,0)",0
409,layers.3.conv1,"(117,12,0,0)",2
410,layers.3.conv1,"(52,0,0,0)",13
411,layers.3.conv1,"(113,1,0,0)",2
412,layers.3.conv1,"(83,18,0,0)",16
413,layers.3.conv1,"(18,19,0,0)",9
414,layers.3.conv1,"(27,0,0,0)",18
415,layers.3.conv1,"(119,9,0,0)",0
416,layers.3.conv2,"(132,0,2,1)",13
417,layers.3.conv2,"(66,0,1,2)",2
418,layers.3.conv2,"(36,0,0,0)",12
419,layers.3.conv2,"(96,0,0,1)",31
420,layers.3.conv2,"(34,0,0,2)",6
421,layers.3.conv2,"(1,0,1,1)",11
422,layers.3.conv2,"(21,0,0,1)",17
423,layers.3.conv2,"(26,0,2,1)",22
424,layers.3.conv2,"(131,0,2,1)",2
425,layers.3.conv2,"(143,0,1,2)",12
426,layers.3.conv2,"(73,0,0,0)",6
427,layers.3.conv2,"(21,0,0,0)",9
428,layers.3.conv2,"(27,0,2,0)",31
429,layers.3.conv2,"(57,0,2,1)",4
430,layers.3.conv2,"(70,0,0,1)",21
431,layers.3.conv2,"(130,0,1,0)",1
432,layers.3.conv2,"(113,0,1,2)",6
433,layers.3.conv2,"(104,0,1,2)",2
434,layers.3.conv2,"(48,0,2,1)",22
435,layers.3.conv2,"(21,0,0,1)",31
436,layers.3.conv2,"(142,0,2,1)",13
437,layers.3.conv2,"(44,0,2,2)",16
438,layers.3.conv2,"(51,0,1,0)",14
439,layers.3.conv2,"(1,0,0,2)",3
440,layers.3.conv2,"(133,0,1,1)",3
441,layers.3.conv2,"(115,0,1,2)",2
442,layers.3.conv2,"(123,0,0,0)",20
443,layers.3.conv2,"(81,0,1,2)",17
444,layers.3.conv2,"(26,0,0,1)",3
445,layers.3.conv2,"(39,0,2,0)",16
446,layers.3.conv2,"(61,0,0,2)",6
447,layers.3.conv2,"(6,0,1,2)",28
448,layers.3.conv3,"(16,56,0,0)",7
449,layers.3.conv3,"(25,25,0,0)",22
450,layers.3.conv3,"(26,80,0,0)",17
451,layers.3.conv3,"(15,49,0,0)",22
452,layers.3.conv3,"(18,42,0,0)",11
453,layers.3.conv3,"(29,125,0,0)",7
454,layers.3.conv3,"(9,36,0,0)",15
455,layers.3.conv3,"(22,111,0,0)",21
456,layers.3.conv3,"(29,29,0,0)",28
457,layers.3.conv3,"(24,1,0,0)",2
458,layers.3.conv3,"(30,32,0,0)",12
459,layers.3.conv3,"(19,106,0,0)",20
460,layers.3.conv3,"(22,93,0,0)",18
461,layers.3.conv3,"(19,86,0,0)",8
462,layers.3.conv3,"(0,51,0,0)",25
463,layers.3.conv3,"(11,132,0,0)",29
464,layers.3.conv3,"(16,18,0,0)",0
465,layers.3.conv3,"(6,4,0,0)",9
466,layers.3.conv3,"(24,21,0,0)",12
467,layers.3.conv3,"(28,19,0,0)",3
468,layers.3.conv3,"(15,25,0,0)",14
469,layers.3.conv3,"(22,28,0,0)",0
470,layers.3.conv3,"(24,70,0,0)",18
471,layers.3.conv3,"(30,116,0,0)",30
472,layers.3.conv3,"(13,104,0,0)",18
473,layers.3.conv3,"(10,9,0,0)",16
474,layers.3.conv3,"(19,136,0,0)",5
475,layers.3.conv3,"(25,12,0,0)",7
476,layers.3.conv3,"(23,18,0,0)",30
477,layers.3.conv3,"(20,141,0,0)",20
478,layers.3.conv3,"(20,0,0,0)",19
479,layers.3.conv3,"(21,48,0,0)",14
480,layers.4.conv1,"(13,20,0,0)",30
481,layers.4.conv1,"(30,5,0,0)",20
482,layers.4.conv1,"(175,20,0,0)",19
483,layers.4.conv1,"(121,2,0,0)",13
484,layers.4.conv1,"(42,24,0,0)",31
485,layers.4.conv1,"(57,17,0,0)",20
486,layers.4.conv1,"(39,0,0,0)",25
487,layers.4.conv1,"(104,28,0,0)",14
488,layers.4.conv1,"(101,25,0,0)",8
489,layers.4.conv1,"(112,13,0,0)",26
490,layers.4.conv1,"(56,26,0,0)",4
491,layers.4.conv1,"(125,20,0,0)",16
492,layers.4.conv1,"(189,2,0,0)",22
493,layers.4.conv1,"(83,3,0,0)",4
494,layers.4.conv1,"(86,4,0,0)",29
495,layers.4.conv1,"(70,16,0,0)",13
496,layers.4.conv1,"(143,23,0,0)",30
497,layers.4.conv1,"(82,27,0,0)",1
498,layers.4.conv1,"(7,26,0,0)",19
499,layers.4.conv1,"(166,23,0,0)",10
500,layers.4.conv1,"(177,12,0,0)",9
501,layers.4.conv1,"(135,11,0,0)",30
502,layers.4.conv1,"(114,15,0,0)",6
503,layers.4.conv1,"(53,19,0,0)",3
504,layers.4.conv1,"(161,23,0,0)",20
505,layers.4.conv1,"(84,0,0,0)",24
506,layers.4.conv1,"(4,7,0,0)",12
507,layers.4.conv1,"(129,16,0,0)",24
508,layers.4.conv1,"(108,14,0,0)",14
509,layers.4.conv1,"(45,25,0,0)",11
510,layers.4.conv1,"(35,26,0,0)",31
511,layers.4.conv1,"(17,11,0,0)",24
512,layers.4.conv2,"(164,0,2,1)",28
513,layers.4.conv2,"(65,0,2,1)",16
514,layers.4.conv2,"(41,0,0,1)",11
515,layers.4.conv2,"(150,0,0,2)",14
516,layers.4.conv2,"(69,0,1,2)",17
517,layers.4.conv2,"(120,0,2,0)",13
518,layers.4.conv2,"(27,0,0,2)",5
519,layers.4.conv2,"(3,0,1,1)",24
520,layers.4.conv2,"(72,0,2,2)",8
521,layers.4.conv2,"(16,0,2,2)",29
522,layers.4.conv2,"(130,0,1,0)",30
523,layers.4.conv2,"(101,0,2,0)",23
524,layers.4.conv2,"(71,0,0,2)",31
525,layers.4.conv2,"(66,0,0,0)",14
526,layers.4.conv2,"(32,0,1,2)",3
527,layers.4.conv2,"(82,0,2,0)",23
528,layers.4.conv2,"(176,0,2,0)",1
529,layers.4.conv2,"(133,0,0,2)",1
530,layers.4.conv2,"(58,0,0,2)",12
531,layers.4.conv2,"(180,0,1,0)",12
532,layers.4.conv2,"(79,0,2,0)",6
533,layers.4.conv2,"(1,0,0,2)",7
534,layers.4.conv2,"(120,0,1,0)",27
535,layers.4.conv2,"(55,0,1,0)",18
536,layers.4.conv2,"(164,0,1,2)",23
537,layers.4.conv2,"(185,0,0,1)",27
538,layers.4.conv2,"(103,0,0,1)",19
539,layers.4.conv2,"(91,0,1,1)",4
540,layers.4.conv2,"(21,0,0,0)",13
541,layers.4.conv2,"(109,0,0,0)",29
542,layers.4.conv2,"(46,0,2,0)",13
543,layers.4.conv2,"(174,0,1,1)",17
544,layers.4.conv3,"(9,113,0,0)",5
545,layers.4.conv3,"(30,171,0,0)",15
546,layers.4.conv3,"(21,87,0,0)",31
547,layers.4.conv3,"(5,59,0,0)",13
548,layers.4.conv3,"(15,145,0,0)",17
549,layers.4.conv3,"(11,67,0,0)",2
550,layers.4.conv3,"(24,151,0,0)",1
551,layers.4.conv3,"(26,74,0,0)",7
552,layers.4.conv3,"(2,5,0,0)",25
553,layers.4.conv3,"(17,23,0,0)",14
554,layers.4.conv3,"(8,165,0,0)",6
555,layers.4.conv3,"(3,84,0,0)",7
556,layers.4.conv3,"(3,107,0,0)",2
557,layers.4.conv3,"(7,99,0,0)",13
558,layers.4.conv3,"(19,104,0,0)",24
559,layers.4.conv3,"(6,139,0,0)",13
560,layers.4.conv3,"(1,174,0,0)",11
561,layers.4.conv3,"(15,27,0,0)",24
562,layers.4.conv3,"(31,101,0,0)",5
563,layers.4.conv3,"(6,160,0,0)",0
564,layers.4.conv3,"(15,91,0,0)",9
565,layers.4.conv3,"(6,123,0,0)",15
566,layers.4.conv3,"(21,14,0,0)",10
567,layers.4.conv3,"(27,103,0,0)",23
568,layers.4.conv3,"(14,19,0,0)",15
569,layers.4.conv3,"(25,39,0,0)",27
570,layers.4.conv3,"(4,161,0,0)",22
571,layers.4.conv3,"(14,144,0,0)",1
572,layers.4.conv3,"(17,89,0,0)",3
573,layers.4.conv3,"(30,64,0,0)",21
574,layers.4.conv3,"(23,31,0,0)",11
575,layers.4.conv3,"(26,190,0,0)",16
576,layers.5.conv1,"(140,8,0,0)",20
577,layers.5.conv1,"(175,11,0,0)",28
578,layers.5.conv1,"(176,28,0,0)",14
579,layers.5.conv1,"(147,15,0,0)",1
580,layers.5.conv1,"(121,28,0,0)",10
581,layers.5.conv1,"(164,22,0,0)",8
582,layers.5.conv1,"(145,20,0,0)",2
583,layers.5.conv1,"(71,0,0,0)",11
584,layers.5.conv1,"(35,20,0,0)",20
585,layers.5.conv1,"(177,26,0,0)",22
586,layers.5.conv1,"(26,29,0,0)",27
587,layers.5.conv1,"(73,31,0,0)",1
588,layers.5.conv1,"(28,17,0,0)",2
589,layers.5.conv1,"(135,11,0,0)",14
590,layers.5.conv1,"(174,14,0,0)",17
591,layers.5.conv1,"(91,23,0,0)",24
592,layers.5.conv1,"(174,21,0,0)",30
593,layers.5.conv1,"(180,29,0,0)",11
594,layers.5.conv1,"(51,6,0,0)",4
595,layers.5.conv1,"(123,1,0,0)",8
596,layers.5.conv1,"(185,20,0,0)",26
597,layers.5.conv1,"(63,5,0,0)",4
598,layers.5.conv1,"(29,12,0,0)",1
599,layers.5.conv1,"(108,17,0,0)",9
600,layers.5.conv1,"(126,30,0,0)",5
601,layers.5.conv1,"(168,9,0,0)",11
602,layers.5.conv1,"(65,26,0,0)",28
603,layers.5.conv1,"(100,10,0,0)",10
604,layers.5.conv1,"(75,18,0,0)",8
605,layers.5.conv1,"(28,20,0,0)",6
606,layers.5.conv1,"(69,18,0,0)",24
607,layers.5.conv1,"(176,26,0,0)",23
608,layers.5.conv2,"(185,0,0,0)",4
609,layers.5.conv2,"(93,0,0,0)",19
610,layers.5.conv2,"(88,0,0,2)",26
611,layers.5.conv2,"(72,0,2,1)",29
612,layers.5.conv2,"(24,0,0,1)",9
613,layers.5.conv2,"(191,0,1,2)",0
614,layers.5.conv2,"(152,0,0,0)",6
615,layers.5.conv2,"(15,0,1,0)",8
616,layers.5.conv2,"(182,0,1,1)",10
617,layers.5.conv2,"(71,0,0,2)",2
618,layers.5.conv2,"(12,0,0,2)",27
619,layers.5.conv2,"(119,0,0,1)",27
620,layers.5.conv2,"(190,0,0,0)",7
621,layers.5.conv2,"(145,0,2,0)",22
622,layers.5.conv2,"(42,0,2,1)",16
623,layers.5.conv2,"(84,0,1,0)",21
624,layers.5.conv2,"(10,0,2,1)",0
625,layers.5.conv2,"(144,0,0,0)",11
626,layers.5.conv2,"(103,0,0,0)",21
627,layers.5.conv2,"(9,0,2,0)",7
628,layers.5.conv2,"(138,0,1,1)",25
629,layers.5.conv2,"(39,0,1,1)",15
630,layers.5.conv2,"(126,0,2,2)",19
631,layers.5.conv2,"(53,0,2,2)",0
632,layers.5.conv2,"(13,0,1,0)",18
633,layers.5.conv2,"(186,0,1,1)",27
634,layers.5.conv2,"(32,0,2,2)",29
635,layers.5.conv2,"(71,0,1,2)",6
636,layers.5.conv2,"(132,0,1,1)",25
637,layers.5.conv2,"(141,0,0,1)",4
638,layers.5.conv2,"(32,0,2,0)",26
639,layers.5.conv2,"(22,0,1,0)",16
640,layers.5.conv3,"(12,2,0,0)",30
641,layers.5.conv3,"(7,67,0,0)",8
642,layers.5.conv3,"(3,80,0,0)",0
643,layers.5.conv3,"(28,49,0,0)",26
644,layers.5.conv3,"(5,9,0,0)",6
645,layers.5.conv3,"(30,181,0,0)",29
646,layers.5.conv3,"(3,105,0,0)",20
647,layers.5.conv3,"(3,22,0,0)",12
648,layers.5.conv3,"(17,182,0,0)",16
649,layers.5.conv3,"(7,37,0,0)",19
650,layers.5.conv3,"(0,188,0,0)",27
651,layers.5.conv3,"(24,25,0,0)",9
652,layers.5.conv3,"(20,72,0,0)",31
653,layers.5.conv3,"(25,175,0,0)",6
654,layers.5.conv3,"(29,41,0,0)",20
655,layers.5.conv3,"(8,128,0,0)",24
656,layers.5.conv3,"(18,47,0,0)",3
657,layers.5.conv3,"(6,86,0,0)",3
658,layers.5.conv3,"(1,161,0,0)",10
659,layers.5.conv3,"(23,62,0,0)",4
660,layers.5.conv3,"(10,75,0,0)",17
661,layers.5.conv3,"(20,174,0,0)",18
662,layers.5.conv3,"(10,101,0,0)",3
663,layers.5.conv3,"(11,148,0,0)",12
664,layers.5.conv3,"(15,156,0,0)",14
665,layers.5.conv3,"(14,69,0,0)",25
666,layers.5.conv3,"(28,0,0,0)",29
667,layers.5.conv3,"(24,183,0,0)",4
668,layers.5.conv3,"(26,58,0,0)",5
669,layers.5.conv3,"(15,159,0,0)",1
670,layers.5.conv3,"(10,123,0,0)",28
671,layers.5.conv3,"(3,153,0,0)",20
672,layers.6.conv1,"(157,6,0,0)",22
673,layers.6.conv1,"(142,0,0,0)",2
674,layers.6.conv1,"(95,26,0,0)",19
675,layers.6.conv1,"(45,4,0,0)",28
676,layers.6.conv1,"(67,11,0,0)",23
677,layers.6.conv1,"(42,29,0,0)",17
678,layers.6.conv1,"(173,1,0,0)",22
679,layers.6.conv1,"(191,17,0,0)",5
680,layers.6.conv1,"(49,21,0,0)",2
681,layers.6.conv1,"(133,5,0,0)",1
682,layers.6.conv1,"(151,30,0,0)",0
683,layers.6.conv1,"(37,24,0,0)",22
684,layers.6.conv1,"(86,10,0,0)",27
685,layers.6.conv1,"(110,9,0,0)",14
686,layers.6.conv1,"(47,10,0,0)",20
687,layers.6.conv1,"(154,28,0,0)",13
688,layers.6.conv1,"(181,6,0,0)",6
689,layers.6.conv1,"(0,20,0,0)",10
690,layers.6.conv1,"(40,6,0,0)",0
691,layers.6.conv1,"(188,1,0,0)",28
692,layers.6.conv1,"(52,6,0,0)",4
693,layers.6.conv1,"(129,30,0,0)",14
694,layers.6.conv1,"(174,27,0,0)",29
695,layers.6.conv1,"(31,17,0,0)",30
696,layers.6.conv1,"(56,14,0,0)",6
697,layers.6.conv1,"(91,27,0,0)",21
698,layers.6.conv1,"(125,4,0,0)",2
699,layers.6.conv1,"(46,22,0,0)",22
700,layers.6.conv1,"(164,13,0,0)",7
701,layers.6.conv1,"(100,20,0,0)",30
702,layers.6.conv1,"(142,28,0,0)",31
703,layers.6.conv1,"(165,22,0,0)",29
704,layers.6.conv2,"(4,0,1,0)",3
705,layers.6.conv2,"(85,0,1,1)",15
706,layers.6.conv2,"(15,0,2,2)",29
707,layers.6.conv2,"(173,0,2,2)",30
708,layers.6.conv2,"(101,0,1,2)",31
709,layers.6.conv2,"(178,0,0,1)",0
710,layers.6.conv2,"(47,0,2,0)",22
711,layers.6.conv2,"(44,0,1,1)",16
712,layers.6.conv2,"(36,0,2,0)",12
713,layers.6.conv2,"(153,0,0,0)",23
714,layers.6.conv2,"(164,0,2,1)",22
715,layers.6.conv2,"(187,0,1,2)",23
716,layers.6.conv2,"(69,0,1,0)",4
717,layers.6.conv2,"(77,0,0,2)",20
718,layers.6.conv2,"(59,0,0,1)",12
719,layers.6.conv2,"(31,0,2,2)",1
720,layers.6.conv2,"(72,0,1,0)",12
721,layers.6.conv2,"(58,0,2,0)",30
722,layers.6.conv2,"(126,0,0,2)",17
723,layers.6.conv2,"(94,0,0,1)",13
724,layers.6.conv2,"(90,0,0,1)",0
725,layers.6.conv2,"(79,0,0,2)",21
726,layers.6.conv2,"(36,0,2,2)",19
727,layers.6.conv2,"(154,0,0,1)",10
728,layers.6.conv2,"(15,0,0,0)",28
729,layers.6.conv2,"(162,0,2,2)",20
730,layers.6.conv2,"(111,0,2,0)",7
731,layers.6.conv2,"(81,0,2,1)",22
732,layers.6.conv2,"(94,0,0,2)",17
733,layers.6.conv2,"(128,0,0,1)",16
734,layers.6.conv2,"(148,0,2,2)",12
735,layers.6.conv2,"(61,0,1,1)",17
736,layers.6.conv3,"(60,95,0,0)",10
737,layers.6.conv3,"(54,106,0,0)",12
738,layers.6.conv3,"(8,60,0,0)",30
739,layers.6.conv3,"(11,47,0,0)",12
740,layers.6.conv3,"(8,155,0,0)",8
741,layers.6.conv3,"(12,172,0,0)",13
742,layers.6.conv3,"(11,165,0,0)",27
743,layers.6.conv3,"(16,1,0,0)",13
744,layers.6.conv3,"(23,74,0,0)",24
745,layers.6.conv3,"(24,118,0,0)",6
746,layers.6.conv3,"(8,7,0,0)",26
747,layers.6.conv3,"(56,184,0,0)",19
748,layers.6.conv3,"(23,184,0,0)",18
749,layers.6.conv3,"(37,120,0,0)",14
750,layers.6.conv3,"(45,158,0,0)",13
751,layers.6.conv3,"(12,74,0,0)",6
752,layers.6.conv3,"(31,72,0,0)",4
753,layers.6.conv3,"(59,37,0,0)",11
754,layers.6.conv3,"(11,180,0,0)",0
755,layers.6.conv3,"(42,182,0,0)",6
756,layers.6.conv3,"(49,57,0,0)",23
757,layers.6.conv3,"(13,108,0,0)",26
758,layers.6.conv3,"(55,101,0,0)",0
759,layers.6.conv3,"(36,3,0,0)",11
760,layers.6.conv3,"(26,166,0,0)",0
761,layers.6.conv3,"(58,185,0,0)",11
762,layers.6.conv3,"(51,25,0,0)",22
763,layers.6.conv3,"(32,107,0,0)",21
764,layers.6.conv3,"(63,5,0,0)",0
765,layers.6.conv3,"(2,43,0,0)",4
766,layers.6.conv3,"(11,36,0,0)",21
767,layers.6.conv3,"(48,14,0,0)",29
768,layers.7.conv1,"(162,36,0,0)",5
769,layers.7.conv1,"(285,58,0,0)",3
770,layers.7.conv1,"(351,17,0,0)",19
771,layers.7.conv1,"(120,48,0,0)",22
772,layers.7.conv1,"(154,40,0,0)",20
773,layers.7.conv1,"(199,43,0,0)",30
774,layers.7.conv1,"(8,32,0,0)",16
775,layers.7.conv1,"(194,2,0,0)",9
776,layers.7.conv1,"(364,6,0,0)",28
777,layers.7.conv1,"(337,37,0,0)",20
778,layers.7.conv1,"(228,35,0,0)",23
779,layers.7.conv1,"(109,43,0,0)",29
780,layers.7.conv1,"(156,55,0,0)",17
781,layers.7.conv1,"(211,1,0,0)",25
782,layers.7.conv1,"(157,17,0,0)",29
783,layers.7.conv1,"(191,0,0,0)",7
784,layers.7.conv1,"(255,57,0,0)",4
785,layers.7.conv1,"(305,18,0,0)",22
786,layers.7.conv1,"(243,23,0,0)",9
787,layers.7.conv1,"(267,12,0,0)",31
788,layers.7.conv1,"(124,21,0,0)",26
789,layers.7.conv1,"(310,43,0,0)",30
790,layers.7.conv1,"(15,22,0,0)",22
791,layers.7.conv1,"(348,36,0,0)",24
792,layers.7.conv1,"(63,23,0,0)",11
793,layers.7.conv1,"(16,45,0,0)",3
794,layers.7.conv1,"(275,57,0,0)",21
795,layers.7.conv1,"(356,4,0,0)",3
796,layers.7.conv1,"(72,63,0,0)",9
797,layers.7.conv1,"(123,5,0,0)",22
798,layers.7.conv1,"(240,44,0,0)",15
799,layers.7.conv1,"(302,57,0,0)",0
800,layers.7.conv2,"(190,0,2,2)",6
801,layers.7.conv2,"(208,0,2,1)",2
802,layers.7.conv2,"(145,0,0,2)",14
803,layers.7.conv2,"(120,0,2,1)",2
804,layers.7.conv2,"(347,0,0,0)",5
805,layers.7.conv2,"(109,0,0,0)",0
806,layers.7.conv2,"(352,0,2,0)",18
807,layers.7.conv2,"(240,0,0,1)",22
808,layers.7.conv2,"(361,0,0,1)",8
809,layers.7.conv2,"(376,0,2,0)",10
810,layers.7.conv2,"(264,0,2,0)",29
811,layers.7.conv2,"(141,0,2,0)",26
812,layers.7.conv2,"(295,0,2,2)",29
813,layers.7.conv2,"(159,0,2,1)",31
814,layers.7.conv2,"(113,0,2,0)",28
815,layers.7.conv2,"(138,0,0,0)",30
816,layers.7.conv2,"(128,0,1,1)",12
817,layers.7.conv2,"(296,0,1,0)",10
818,layers.7.conv2,"(294,0,2,1)",25
819,layers.7.conv2,"(166,0,2,2)",7
820,layers.7.conv2,"(212,0,0,0)",18
821,layers.7.conv2,"(245,0,2,2)",21
822,layers.7.conv2,"(380,0,1,0)",10
823,layers.7.conv2,"(95,0,0,1)",4
824,layers.7.conv2,"(313,0,1,2)",14
825,layers.7.conv2,"(231,0,1,0)",20
826,layers.7.conv2,"(160,0,0,1)",28
827,layers.7.conv2,"(114,0,2,0)",14
828,layers.7.conv2,"(40,0,0,2)",8
829,layers.7.conv2,"(314,0,0,2)",18
830,layers.7.conv2,"(265,0,0,1)",7
831,layers.7.conv2,"(371,0,2,1)",20
832,layers.7.conv3,"(11,91,0,0)",1
833,layers.7.conv3,"(61,261,0,0)",1
834,layers.7.conv3,"(25,44,0,0)",0
835,layers.7.conv3,"(40,201,0,0)",12
836,layers.7.conv3,"(15,80,0,0)",6
837,layers.7.conv3,"(40,347,0,0)",27
838,layers.7.conv3,"(27,278,0,0)",2
839,layers.7.conv3,"(63,85,0,0)",7
840,layers.7.conv3,"(62,250,0,0)",29
841,layers.7.conv3,"(44,93,0,0)",1
842,layers.7.conv3,"(1,258,0,0)",18
843,layers.7.conv3,"(0,203,0,0)",12
844,layers.7.conv3,"(63,3,0,0)",11
845,layers.7.conv3,"(62,192,0,0)",29
846,layers.7.conv3,"(37,284,0,0)",5
847,layers.7.conv3,"(58,193,0,0)",5
848,layers.7.conv3,"(33,229,0,0)",17
849,layers.7.conv3,"(43,95,0,0)",25
850,layers.7.conv3,"(56,211,0,0)",12
851,layers.7.conv3,"(21,44,0,0)",9
852,layers.7.conv3,"(51,369,0,0)",26
853,layers.7.conv3,"(5,141,0,0)",4
854,layers.7.conv3,"(32,122,0,0)",0
855,layers.7.conv3,"(58,106,0,0)",22
856,layers.7.conv3,"(19,52,0,0)",29
857,layers.7.conv3,"(0,64,0,0)",12
858,layers.7.conv3,"(61,174,0,0)",25
859,layers.7.conv3,"(22,328,0,0)",9
860,layers.7.conv3,"(21,117,0,0)",2
861,layers.7.conv3,"(20,55,0,0)",21
862,layers.7.conv3,"(49,284,0,0)",18
863,layers.7.conv3,"(33,220,0,0)",5
864,layers.8.conv1,"(355,35,0,0)",2
865,layers.8.conv1,"(202,10,0,0)",13
866,layers.8.conv1,"(171,54,0,0)",10
867,layers.8.conv1,"(318,57,0,0)",16
868,layers.8.conv1,"(305,60,0,0)",2
869,layers.8.conv1,"(241,60,0,0)",3
870,layers.8.conv1,"(201,36,0,0)",7
871,layers.8.conv1,"(373,33,0,0)",5
872,layers.8.conv1,"(360,37,0,0)",4
873,layers.8.conv1,"(63,50,0,0)",2
874,layers.8.conv1,"(106,11,0,0)",30
875,layers.8.conv1,"(311,16,0,0)",10
876,layers.8.conv1,"(250,62,0,0)",4
877,layers.8.conv1,"(129,31,0,0)",30
878,layers.8.conv1,"(351,14,0,0)",24
879,layers.8.conv1,"(69,29,0,0)",7
880,layers.8.conv1,"(368,53,0,0)",6
881,layers.8.conv1,"(264,46,0,0)",6
882,layers.8.conv1,"(351,23,0,0)",10
883,layers.8.conv1,"(269,13,0,0)",10
884,layers.8.conv1,"(11,50,0,0)",31
885,layers.8.conv1,"(240,62,0,0)",3
886,layers.8.conv1,"(32,10,0,0)",4
887,layers.8.conv1,"(214,21,0,0)",19
888,layers.8.conv1,"(360,51,0,0)",12
889,layers.8.conv1,"(118,63,0,0)",21
890,layers.8.conv1,"(283,15,0,0)",31
891,layers.8.conv1,"(43,0,0,0)",10
892,layers.8.conv1,"(290,1,0,0)",5
893,layers.8.conv1,"(152,21,0,0)",13
894,layers.8.conv1,"(98,44,0,0)",21
895,layers.8.conv1,"(2,39,0,0)",14
896,layers.8.conv2,"(333,0,1,0)",3
897,layers.8.conv2,"(90,0,2,2)",17
898,layers.8.conv2,"(149,0,1,1)",11
899,layers.8.conv2,"(0,0,1,1)",26
900,layers.8.conv2,"(115,0,1,2)",9
901,layers.8.conv2,"(67,0,1,1)",12
902,layers.8.conv2,"(157,0,0,1)",15
903,layers.8.conv2,"(145,0,2,2)",1
904,layers.8.conv2,"(329,0,2,1)",6
905,layers.8.conv2,"(341,0,2,0)",15
906,layers.8.conv2,"(198,0,0,0)",8
907,layers.8.conv2,"(267,0,2,0)",27
908,layers.8.conv2,"(171,0,2,0)",12
909,layers.8.conv2,"(143,0,2,2)",30
910,layers.8.conv2,"(253,0,1,2)",13
911,layers.8.conv2,"(336,0,2,2)",6
912,layers.8.conv2,"(28,0,2,2)",5
913,layers.8.conv2,"(210,0,2,1)",11
914,layers.8.conv2,"(36,0,0,1)",7
915,layers.8.conv2,"(123,0,1,2)",11
916,layers.8.conv2,"(102,0,1,0)",16
917,layers.8.conv2,"(126,0,0,0)",24
918,layers.8.conv2,"(55,0,2,2)",26
919,layers.8.conv2,"(66,0,0,1)",28
920,layers.8.conv2,"(228,0,0,0)",14
921,layers.8.conv2,"(375,0,1,1)",21
922,layers.8.conv2,"(5,0,2,1)",12
923,layers.8.conv2,"(275,0,2,1)",5
924,layers.8.conv2,"(65,0,0,0)",22
925,layers.8.conv2,"(139,0,2,2)",31
926,layers.8.conv2,"(280,0,1,1)",20
927,layers.8.conv2,"(122,0,1,2)",13
928,layers.8.conv3,"(26,358,0,0)",1
929,layers.8.conv3,"(25,259,0,0)",13
930,layers.8.conv3,"(58,138,0,0)",12
931,layers.8.conv3,"(54,171,0,0)",28
932,layers.8.conv3,"(49,88,0,0)",22
933,layers.8.conv3,"(46,365,0,0)",29
934,layers.8.conv3,"(43,100,0,0)",2
935,layers.8.conv3,"(14,131,0,0)",7
936,layers.8.conv3,"(5,365,0,0)",12
937,layers.8.conv3,"(59,54,0,0)",24
938,layers.8.conv3,"(52,46,0,0)",31
939,layers.8.conv3,"(62,15,0,0)",2
940,layers.8.conv3,"(25,235,0,0)",20
941,layers.8.conv3,"(49,191,0,0)",29
942,layers.8.conv3,"(22,156,0,0)",21
943,layers.8.conv3,"(31,208,0,0)",17
944,layers.8.conv3,"(8,178,0,0)",16
945,layers.8.conv3,"(23,207,0,0)",16
946,layers.8.conv3,"(6,25,0,0)",12
947,layers.8.conv3,"(21,40,0,0)",3
948,layers.8.conv3,"(16,162,0,0)",11
949,layers.8.conv3,"(21,116,0,0)",1
950,layers.8.conv3,"(34,179,0,0)",3
951,layers.8.conv3,"(8,356,0,0)",15
952,layers.8.conv3,"(26,76,0,0)",0
953,layers.8.conv3,"(23,171,0,0)",30
954,layers.8.conv3,"(43,137,0,0)",16
955,layers.8.conv3,"(48,185,0,0)",19
956,layers.8.conv3,"(51,218,0,0)",16
957,layers.8.conv3,"(37,20,0,0)",30
958,layers.8.conv3,"(16,145,0,0)",17
959,layers.8.conv3,"(34,336,0,0)",30
960,layers.9.conv1,"(93,52,0,0)",6
961,layers.9.conv1,"(334,11,0,0)",8
962,layers.9.conv1,"(315,21,0,0)",6
963,layers.9.conv1,"(380,36,0,0)",3
964,layers.9.conv1,"(55,17,0,0)",10
965,layers.9.conv1,"(248,23,0,0)",12
966,layers.9.conv1,"(146,48,0,0)",21
967,layers.9.conv1,"(19,9,0,0)",4
968,layers.9.conv1,"(344,57,0,0)",13
969,layers.9.conv1,"(279,52,0,0)",28
970,layers.9.conv1,"(88,45,0,0)",21
971,layers.9.conv1,"(20,43,0,0)",2
972,layers.9.conv1,"(15,22,0,0)",30
973,layers.9.conv1,"(206,3,0,0)",3
974,layers.9.conv1,"(122,29,0,0)",7
975,layers.9.conv1,"(265,7,0,0)",18
976,layers.9.conv1,"(194,16,0,0)",19
977,layers.9.conv1,"(211,2,0,0)",12
978,layers.9.conv1,"(110,16,0,0)",18
979,layers.9.conv1,"(380,55,0,0)",0
980,layers.9.conv1,"(1,25,0,0)",28
981,layers.9.conv1,"(278,53,0,0)",19
982,layers.9.conv1,"(48,55,0,0)",11
983,layers.9.conv1,"(269,7,0,0)",27
984,layers.9.conv1,"(111,37,0,0)",6
985,layers.9.conv1,"(189,4,0,0)",29
986,layers.9.conv1,"(86,5,0,0)",29
987,layers.9.conv1,"(358,45,0,0)",11
988,layers.9.conv1,"(93,0,0,0)",3
989,layers.9.conv1,"(294,18,0,0)",26
990,layers.9.conv1,"(79,47,0,0)",18
991,layers.9.conv1,"(218,54,0,0)",10
992,layers.9.conv2,"(340,0,1,0)",10
993,layers.9.conv2,"(303,0,2,1)",27
994,layers.9.conv2,"(175,0,2,1)",13
995,layers.9.conv2,"(205,0,0,1)",16
996,layers.9.conv2,"(27,0,2,1)",23
997,layers.9.conv2,"(192,0,2,2)",11
998,layers.9.conv2,"(248,0,0,2)",26
999,layers.9.conv2,"(293,0,0,1)",13
1000,layers.9.conv2,"(97,0,0,0)",30
1001,layers.9.conv2,"(8,0,1,2)",21
1002,layers.9.conv2,"(342,0,0,2)",14
1003,layers.9.conv2,"(216,0,1,2)",23
1004,layers.9.conv2,"(111,0,0,2)",1
1005,layers.9.conv2,"(13,0,0,2)",28
1006,layers.9.conv2,"(132,0,1,0)",6
1007,layers.9.conv2,"(8,0,1,1)",16
1008,layers.9.conv2,"(184,0,1,2)",5
1009,layers.9.conv2,"(227,0,1,1)",14
1010,layers.9.conv2,"(232,0,1,0)",9
1011,layers.9.conv2,"(359,0,1,0)",17
1012,layers.9.conv2,"(179,0,1,2)",21
1013,layers.9.conv2,"(110,0,1,0)",5
1014,layers.9.conv2,"(120,0,0,0)",5
1015,layers.9.conv2,"(192,0,2,2)",29
1016,layers.9.conv2,"(62,0,1,1)",23
1017,layers.9.conv2,"(185,0,2,0)",7
1018,layers.9.conv2,"(33,0,2,1)",16
1019,layers.9.conv2,"(286,0,1,0)",24
1020,layers.9.conv2,"(307,0,2,2)",21
1021,layers.9.conv2,"(298,0,0,0)",31
1022,layers.9.conv2,"(135,0,1,1)",14
1023,layers.9.conv2,"(224,0,1,0)",0
1024,layers.9.conv3,"(0,35,0,0)",1
1025,layers.9.conv3,"(59,319,0,0)",21
1026,layers.9.conv3,"(61,244,0,0)",22
1027,layers.9.conv3,"(51,135,0,0)",24
1028,layers.9.conv3,"(26,11,0,0)",30
1029,layers.9.conv3,"(57,186,0,0)",30
1030,layers.9.conv3,"(19,167,0,0)",0
1031,layers.9.conv3,"(58,69,0,0)",21
1032,layers.9.conv3,"(15,24,0,0)",29
1033,layers.9.conv3,"(33,68,0,0)",10
1034,layers.9.conv3,"(39,302,0,0)",30
1035,layers.9.conv3,"(60,93,0,0)",10
1036,layers.9.conv3,"(19,177,0,0)",13
1037,layers.9.conv3,"(48,101,0,0)",26
1038,layers.9.conv3,"(36,336,0,0)",10
1039,layers.9.conv3,"(60,321,0,0)",19
1040,layers.9.conv3,"(11,101,0,0)",10
1041,layers.9.conv3,"(17,177,0,0)",25
1042,layers.9.conv3,"(24,143,0,0)",22
1043,layers.9.conv3,"(26,242,0,0)",24
1044,layers.9.conv3,"(58,365,0,0)",15
1045,layers.9.conv3,"(40,52,0,0)",14
1046,layers.9.conv3,"(39,191,0,0)",18
1047,layers.9.conv3,"(4,357,0,0)",1
1048,layers.9.conv3,"(55,178,0,0)",7
1049,layers.9.conv3,"(57,147,0,0)",7
1050,layers.9.conv3,"(29,2,0,0)",14
1051,layers.9.conv3,"(21,331,0,0)",17
1052,layers.9.conv3,"(55,294,0,0)",20
1053,layers.9.conv3,"(20,134,0,0)",2
1054,layers.9.conv3,"(4,211,0,0)",7
1055,layers.9.conv3,"(5,211,0,0)",17
1056,layers.10.conv1,"(138,50,0,0)",28
1057,layers.10.conv1,"(0,6,0,0)",14
1058,layers.10.conv1,"(253,32,0,0)",9
1059,layers.10.conv1,"(338,39,0,0)",1
1060,layers.10.conv1,"(198,7,0,0)",27
1061,layers.10.conv1,"(25,36,0,0)",18
1062,layers.10.conv1,"(202,23,0,0)",5
1063,layers.10.conv1,"(109,35,0,0)",27
1064,layers.10.conv1,"(87,60,0,0)",23
1065,layers.10.conv1,"(228,54,0,0)",28
1066,layers.10.conv1,"(224,36,0,0)",29
1067,layers.10.conv1,"(259,8,0,0)",9
1068,layers.10.conv1,"(313,27,0,0)",10
1069,layers.10.conv1,"(69,0,0,0)",15
1070,layers.10.conv1,"(269,61,0,0)",15
1071,layers.10.conv1,"(345,46,0,0)",30
1072,layers.10.conv1,"(136,35,0,0)",28
1073,layers.10.conv1,"(257,54,0,0)",13
1074,layers.10.conv1,"(378,50,0,0)",1
1075,layers.10.conv1,"(295,33,0,0)",11
1076,layers.10.conv1,"(111,55,0,0)",0
1077,layers.10.conv1,"(311,10,0,0)",9
1078,layers.10.conv1,"(363,48,0,0)",26
1079,layers.10.conv1,"(266,59,0,0)",23
1080,layers.10.conv1,"(109,18,0,0)",0
1081,layers.10.conv1,"(312,3,0,0)",29
1082,layers.10.conv1,"(1,33,0,0)",18
1083,layers.10.conv1,"(211,58,0,0)",0
1084,layers.10.conv1,"(117,20,0,0)",16
1085,layers.10.conv1,"(176,37,0,0)",27
1086,layers.10.conv1,"(119,36,0,0)",14
1087,layers.10.conv1,"(262,59,0,0)",28
1088,layers.10.conv2,"(156,0,2,1)",10
1089,layers.10.conv2,"(54,0,0,1)",5
1090,layers.10.conv2,"(223,0,2,0)",24
1091,layers.10.conv2,"(202,0,2,0)",13
1092,layers.10.conv2,"(7,0,1,2)",21
1093,layers.10.conv2,"(357,0,1,0)",2
1094,layers.10.conv2,"(186,0,1,2)",15
1095,layers.10.conv2,"(166,0,2,1)",5
1096,layers.10.conv2,"(87,0,0,1)",9
1097,layers.10.conv2,"(183,0,0,2)",2
1098,layers.10.conv2,"(17,0,0,0)",21
1099,layers.10.conv2,"(65,0,2,2)",5
1100,layers.10.conv2,"(287,0,1,1)",18
1101,layers.10.conv2,"(20,0,0,1)",18
1102,layers.10.conv2,"(272,0,2,0)",16
1103,layers.10.conv2,"(223,0,0,0)",12
1104,layers.10.conv2,"(328,0,2,1)",3
1105,layers.10.conv2,"(21,0,1,1)",21
1106,layers.10.conv2,"(316,0,1,0)",21
1107,layers.10.conv2,"(23,0,2,0)",29
1108,layers.10.conv2,"(139,0,0,0)",21
1109,layers.10.conv2,"(380,0,1,1)",25
1110,layers.10.conv2,"(242,0,2,1)",2
1111,layers.10.conv2,"(316,0,2,1)",14
1112,layers.10.conv2,"(264,0,2,0)",20
1113,layers.10.conv2,"(352,0,2,0)",9
1114,layers.10.conv2,"(252,0,2,2)",2
1115,layers.10.conv2,"(219,0,0,0)",29
1116,layers.10.conv2,"(278,0,1,2)",17
1117,layers.10.conv2,"(239,0,0,0)",5
1118,layers.10.conv2,"(75,0,1,2)",8
1119,layers.10.conv2,"(173,0,0,1)",24
1120,layers.10.conv3,"(45,206,0,0)",4
1121,layers.10.conv3,"(15,282,0,0)",24
1122,layers.10.conv3,"(36,302,0,0)",14
1123,layers.10.conv3,"(58,206,0,0)",14
1124,layers.10.conv3,"(82,121,0,0)",3
1125,layers.10.conv3,"(68,193,0,0)",25
1126,layers.10.conv3,"(56,56,0,0)",19
1127,layers.10.conv3,"(21,16,0,0)",20
1128,layers.10.conv3,"(57,293,0,0)",10
1129,layers.10.conv3,"(88,82,0,0)",17
1130,layers.10.conv3,"(53,190,0,0)",3
1131,layers.10.conv3,"(86,253,0,0)",31
1132,layers.10.conv3,"(92,332,0,0)",4
1133,layers.10.conv3,"(29,33,0,0)",28
1134,layers.10.conv3,"(73,96,0,0)",7
1135,layers.10.conv3,"(26,53,0,0)",31
1136,layers.10.conv3,"(56,96,0,0)",9
1137,layers.10.conv3,"(2,293,0,0)",15
1138,layers.10.conv3,"(71,58,0,0)",22
1139,layers.10.conv3,"(8,118,0,0)",4
1140,layers.10.conv3,"(93,186,0,0)",3
1141,layers.10.conv3,"(81,302,0,0)",18
1142,layers.10.conv3,"(47,269,0,0)",16
1143,layers.10.conv3,"(37,91,0,0)",28
1144,layers.10.conv3,"(64,277,0,0)",20
1145,layers.10.conv3,"(4,205,0,0)",8
1146,layers.10.conv3,"(70,202,0,0)",0
1147,layers.10.conv3,"(19,68,0,0)",12
1148,layers.10.conv3,"(68,337,0,0)",31
1149,layers.10.conv3,"(26,229,0,0)",26
1150,layers.10.conv3,"(28,168,0,0)",14
1151,layers.10.conv3,"(30,354,0,0)",3
1152,layers.10.shortcut.0,"(4,20,0,0)",9
1153,layers.10.shortcut.0,"(70,2,0,0)",13
1154,layers.10.shortcut.0,"(68,49,0,0)",6
1155,layers.10.shortcut.0,"(16,63,0,0)",31
1156,layers.10.shortcut.0,"(17,27,0,0)",6
1157,layers.10.shortcut.0,"(39,54,0,0)",1
1158,layers.10.shortcut.0,"(59,34,0,0)",4
1159,layers.10.shortcut.0,"(21,54,0,0)",28
1160,layers.10.shortcut.0,"(70,54,0,0)",0
1161,layers.10.shortcut.0,"(56,21,0,0)",17
1162,layers.10.shortcut.0,"(71,42,0,0)",2
1163,layers.10.shortcut.0,"(42,26,0,0)",4
1164,layers.10.shortcut.0,"(44,17,0,0)",4
1165,layers.10.shortcut.0,"(56,36,0,0)",16
1166,layers.10.shortcut.0,"(68,58,0,0)",0
1167,layers.10.shortcut.0,"(5,0,0,0)",24
1168,layers.10.shortcut.0,"(55,36,0,0)",5
1169,layers.10.shortcut.0,"(67,60,0,0)",20
1170,layers.10.shortcut.0,"(74,16,0,0)",7
1171,layers.10.shortcut.0,"(68,51,0,0)",3
1172,layers.10.shortcut.0,"(1,8,0,0)",6
1173,layers.10.shortcut.0,"(56,27,0,0)",1
1174,layers.10.shortcut.0,"(59,51,0,0)",5
1175,layers.10.shortcut.0,"(44,10,0,0)",6
1176,layers.10.shortcut.0,"(48,39,0,0)",4
1177,layers.10.shortcut.0,"(93,21,0,0)",2
1178,layers.10.shortcut.0,"(0,39,0,0)",7
1179,layers.10.shortcut.0,"(23,7,0,0)",9
1180,layers.10.shortcut.0,"(8,32,0,0)",21
1181,layers.10.shortcut.0,"(56,44,0,0)",15
1182,layers.10.shortcut.0,"(62,51,0,0)",29
1183,layers.10.shortcut.0,"(10,33,0,0)",8
1184,layers.11.conv1,"(15,70,0,0)",1
1185,layers.11.conv1,"(9,63,0,0)",20
1186,layers.11.conv1,"(328,20,0,0)",17
1187,layers.11.conv1,"(178,58,0,0)",9
1188,layers.11.conv1,"(532,15,0,0)",1
1189,layers.11.conv1,"(565,58,0,0)",4
1190,layers.11.conv1,"(418,60,0,0)",15
1191,layers.11.conv1,"(429,55,0,0)",20
1192,layers.11.conv1,"(487,68,0,0)",26
1193,layers.11.conv1,"(9,79,0,0)",0
1194,layers.11.conv1,"(532,72,0,0)",9
1195,layers.11.conv1,"(523,74,0,0)",10
1196,layers.11.conv1,"(37,84,0,0)",4
1197,layers.11.conv1,"(464,70,0,0)",1
1198,layers.11.conv1,"(393,59,0,0)",12
1199,layers.11.conv1,"(552,24,0,0)",5
1200,layers.11.conv1,"(492,35,0,0)",31
1201,layers.11.conv1,"(263,65,0,0)",18
1202,layers.11.conv1,"(111,88,0,0)",14
1203,layers.11.conv1,"(448,34,0,0)",0
1204,layers.11.conv1,"(398,53,0,0)",14
1205,layers.11.conv1,"(422,61,0,0)",7
1206,layers.11.conv1,"(119,58,0,0)",13
1207,layers.11.conv1,"(5,16,0,0)",9
1208,layers.11.conv1,"(230,87,0,0)",16
1209,layers.11.conv1,"(6,31,0,0)",18
1210,layers.11.conv1,"(191,40,0,0)",14
1211,layers.11.conv1,"(422,53,0,0)",28
1212,layers.11.conv1,"(445,75,0,0)",1
1213,layers.11.conv1,"(60,60,0,0)",28
1214,layers.11.conv1,"(98,33,0,0)",12
1215,layers.11.conv1,"(332,21,0,0)",25
1216,layers.11.conv2,"(115,0,0,2)",0
1217,layers.11.conv2,"(538,0,2,1)",3
1218,layers.11.conv2,"(509,0,0,2)",14
1219,layers.11.conv2,"(37,0,0,0)",13
1220,layers.11.conv2,"(333,0,2,0)",25
1221,layers.11.conv2,"(32,0,0,1)",30
1222,layers.11.conv2,"(374,0,2,1)",21
1223,layers.11.conv2,"(534,0,2,2)",1
1224,layers.11.conv2,"(363,0,0,1)",23
1225,layers.11.conv2,"(564,0,2,0)",22
1226,layers.11.conv2,"(334,0,2,2)",4
1227,layers.11.conv2,"(339,0,2,2)",8
1228,layers.11.conv2,"(428,0,0,0)",6
1229,layers.11.conv2,"(543,0,2,0)",1
1230,layers.11.conv2,"(11,0,2,0)",17
1231,layers.11.conv2,"(343,0,2,1)",9
1232,layers.11.conv2,"(113,0,1,0)",24
1233,layers.11.conv2,"(490,0,1,2)",12
1234,layers.11.conv2,"(13,0,0,0)",6
1235,layers.11.conv2,"(528,0,1,0)",10
1236,layers.11.conv2,"(461,0,1,0)",19
1237,layers.11.conv2,"(80,0,2,1)",16
1238,layers.11.conv2,"(22,0,2,1)",0
1239,layers.11.conv2,"(232,0,2,0)",30
1240,layers.11.conv2,"(116,0,1,1)",4
1241,layers.11.conv2,"(231,0,2,1)",22
1242,layers.11.conv2,"(553,0,2,0)",25
1243,layers.11.conv2,"(211,0,0,0)",27
1244,layers.11.conv2,"(200,0,1,0)",31
1245,layers.11.conv2,"(168,0,1,2)",25
1246,layers.11.conv2,"(497,0,1,0)",30
1247,layers.11.conv2,"(480,0,1,1)",29
1248,layers.11.conv3,"(77,71,0,0)",13
1249,layers.11.conv3,"(73,401,0,0)",10
1250,layers.11.conv3,"(10,183,0,0)",8
1251,layers.11.conv3,"(15,468,0,0)",7
1252,layers.11.conv3,"(62,123,0,0)",20
1253,layers.11.conv3,"(80,416,0,0)",12
1254,layers.11.conv3,"(11,488,0,0)",28
1255,layers.11.conv3,"(7,333,0,0)",20
1256,layers.11.conv3,"(47,249,0,0)",27
1257,layers.11.conv3,"(58,276,0,0)",28
1258,layers.11.conv3,"(76,201,0,0)",23
1259,layers.11.conv3,"(50,371,0,0)",23
1260,layers.11.conv3,"(92,87,0,0)",20
1261,layers.11.conv3,"(87,310,0,0)",18
1262,layers.11.conv3,"(0,324,0,0)",7
1263,layers.11.conv3,"(94,76,0,0)",14
1264,layers.11.conv3,"(95,347,0,0)",20
1265,layers.11.conv3,"(26,358,0,0)",23
1266,layers.11.conv3,"(82,119,0,0)",13
1267,layers.11.conv3,"(17,141,0,0)",4
1268,layers.11.conv3,"(73,516,0,0)",7
1269,layers.11.conv3,"(9,537,0,0)",19
1270,layers.11.conv3,"(67,211,0,0)",17
1271,layers.11.conv3,"(57,512,0,0)",4
1272,layers.11.conv3,"(51,118,0,0)",1
1273,layers.11.conv3,"(49,241,0,0)",30
1274,layers.11.conv3,"(71,191,0,0)",4
1275,layers.11.conv3,"(75,99,0,0)",31
1276,layers.11.conv3,"(48,573,0,0)",25
1277,layers.11.conv3,"(67,127,0,0)",27
1278,layers.11.conv3,"(40,389,0,0)",4
1279,layers.11.conv3,"(62,130,0,0)",7
1280,layers.12.conv1,"(25,95,0,0)",14
1281,layers.12.conv1,"(402,55,0,0)",9
1282,layers.12.conv1,"(125,65,0,0)",3
1283,layers.12.conv1,"(95,18,0,0)",19
1284,layers.12.conv1,"(385,83,0,0)",3
1285,layers.12.conv1,"(16,0,0,0)",2
1286,layers.12.conv1,"(488,67,0,0)",7
1287,layers.12.conv1,"(238,65,0,0)",13
1288,layers.12.conv1,"(492,90,0,0)",4
1289,layers.12.conv1,"(314,0,0,0)",19
1290,layers.12.conv1,"(88,49,0,0)",30
1291,layers.12.conv1,"(49,14,0,0)",29
1292,layers.12.conv1,"(334,29,0,0)",5
1293,layers.12.conv1,"(567,70,0,0)",30
1294,layers.12.conv1,"(370,92,0,0)",14
1295,layers.12.conv1,"(65,73,0,0)",29
1296,layers.12.conv1,"(68,60,0,0)",15
1297,layers.12.conv1,"(518,30,0,0)",3
1298,layers.12.conv1,"(243,62,0,0)",11
1299,layers.12.conv1,"(499,39,0,0)",5
1300,layers.12.conv1,"(237,48,0,0)",0
1301,layers.12.conv1,"(309,47,0,0)",23
1302,layers.12.conv1,"(331,63,0,0)",17
1303,layers.12.conv1,"(257,61,0,0)",12
1304,layers.12.conv1,"(58,82,0,0)",1
1305,layers.12.conv1,"(219,6,0,0)",28
1306,layers.12.conv1,"(345,50,0,0)",10
1307,layers.12.conv1,"(49,25,0,0)",24
1308,layers.12.conv1,"(170,26,0,0)",24
1309,layers.12.conv1,"(477,51,0,0)",24
1310,layers.12.conv1,"(119,58,0,0)",26
1311,layers.12.conv1,"(312,55,0,0)",15
1312,layers.12.conv2,"(453,0,2,0)",22
1313,layers.12.conv2,"(439,0,1,1)",22
1314,layers.12.conv2,"(64,0,1,0)",1
1315,layers.12.conv2,"(290,0,2,1)",20
1316,layers.12.conv2,"(469,0,2,1)",0
1317,layers.12.conv2,"(161,0,2,2)",24
1318,layers.12.conv2,"(528,0,2,0)",15
1319,layers.12.conv2,"(298,0,0,0)",29
1320,layers.12.conv2,"(530,0,2,0)",13
1321,layers.12.conv2,"(138,0,0,2)",27
1322,layers.12.conv2,"(520,0,0,2)",9
1323,layers.12.conv2,"(126,0,0,0)",27
1324,layers.12.conv2,"(330,0,2,0)",10
1325,layers.12.conv2,"(148,0,1,1)",11
1326,layers.12.conv2,"(260,0,0,0)",27
1327,layers.12.conv2,"(362,0,2,0)",15
1328,layers.12.conv2,"(168,0,0,0)",14
1329,layers.12.conv2,"(409,0,2,0)",8
1330,layers.12.conv2,"(112,0,1,1)",5
1331,layers.12.conv2,"(303,0,1,2)",27
1332,layers.12.conv2,"(22,0,1,2)",12
1333,layers.12.conv2,"(336,0,1,1)",28
1334,layers.12.conv2,"(68,0,0,0)",6
1335,layers.12.conv2,"(59,0,2,0)",4
1336,layers.12.conv2,"(40,0,1,2)",6
1337,layers.12.conv2,"(398,0,0,1)",26
1338,layers.12.conv2,"(442,0,2,1)",22
1339,layers.12.conv2,"(380,0,1,2)",17
1340,layers.12.conv2,"(531,0,2,1)",21
1341,layers.12.conv2,"(295,0,1,1)",29
1342,layers.12.conv2,"(4,0,1,1)",11
1343,layers.12.conv2,"(196,0,2,2)",20
1344,layers.12.conv3,"(84,138,0,0)",17
1345,layers.12.conv3,"(86,570,0,0)",7
1346,layers.12.conv3,"(46,435,0,0)",8
1347,layers.12.conv3,"(53,57,0,0)",2
1348,layers.12.conv3,"(30,403,0,0)",20
1349,layers.12.conv3,"(36,568,0,0)",4
1350,layers.12.conv3,"(6,110,0,0)",26
1351,layers.12.conv3,"(12,183,0,0)",12
1352,layers.12.conv3,"(1,24,0,0)",21
1353,layers.12.conv3,"(82,71,0,0)",13
1354,layers.12.conv3,"(75,9,0,0)",18
1355,layers.12.conv3,"(12,111,0,0)",22
1356,layers.12.conv3,"(15,20,0,0)",13
1357,layers.12.conv3,"(14,472,0,0)",28
1358,layers.12.conv3,"(44,128,0,0)",20
1359,layers.12.conv3,"(62,109,0,0)",9
1360,layers.12.conv3,"(54,353,0,0)",18
1361,layers.12.conv3,"(38,159,0,0)",23
1362,layers.12.conv3,"(52,82,0,0)",1
1363,layers.12.conv3,"(67,138,0,0)",14
1364,layers.12.conv3,"(68,54,0,0)",25
1365,layers.12.conv3,"(80,264,0,0)",16
1366,layers.12.conv3,"(45,555,0,0)",28
1367,layers.12.conv3,"(54,223,0,0)",27
1368,layers.12.conv3,"(59,369,0,0)",30
1369,layers.12.conv3,"(87,199,0,0)",22
1370,layers.12.conv3,"(88,489,0,0)",13
1371,layers.12.conv3,"(4,482,0,0)",18
1372,layers.12.conv3,"(60,220,0,0)",3
1373,layers.12.conv3,"(33,472,0,0)",0
1374,layers.12.conv3,"(36,77,0,0)",18
1375,layers.12.conv3,"(22,351,0,0)",1
1376,layers.13.conv1,"(19,22,0,0)",8
1377,layers.13.conv1,"(446,57,0,0)",15
1378,layers.13.conv1,"(243,82,0,0)",5
1379,layers.13.conv1,"(38,6,0,0)",31
1380,layers.13.conv1,"(475,19,0,0)",25
1381,layers.13.conv1,"(125,59,0,0)",30
1382,layers.13.conv1,"(505,83,0,0)",3
1383,layers.13.conv1,"(2,18,0,0)",29
1384,layers.13.conv1,"(421,36,0,0)",8
1385,layers.13.conv1,"(138,93,0,0)",21
1386,layers.13.conv1,"(518,63,0,0)",6
1387,layers.13.conv1,"(134,32,0,0)",18
1388,layers.13.conv1,"(229,87,0,0)",17
1389,layers.13.conv1,"(264,63,0,0)",13
1390,layers.13.conv1,"(404,94,0,0)",21
1391,layers.13.conv1,"(461,80,0,0)",18
1392,layers.13.conv1,"(317,42,0,0)",22
1393,layers.13.conv1,"(2,54,0,0)",28
1394,layers.13.conv1,"(501,3,0,0)",30
1395,layers.13.conv1,"(192,52,0,0)",21
1396,layers.13.conv1,"(497,34,0,0)",27
1397,layers.13.conv1,"(232,23,0,0)",6
1398,layers.13.conv1,"(142,58,0,0)",8
1399,layers.13.conv1,"(192,78,0,0)",11
1400,layers.13.conv1,"(349,67,0,0)",13
1401,layers.13.conv1,"(479,37,0,0)",13
1402,layers.13.conv1,"(530,14,0,0)",5
1403,layers.13.conv1,"(525,32,0,0)",6
1404,layers.13.conv1,"(398,57,0,0)",15
1405,layers.13.conv1,"(238,12,0,0)",15
1406,layers.13.conv1,"(214,20,0,0)",14
1407,layers.13.conv1,"(17,93,0,0)",0
1408,layers.13.conv2,"(398,0,2,2)",28
1409,layers.13.conv2,"(185,0,0,0)",15
1410,layers.13.conv2,"(2,0,1,1)",24
1411,layers.13.conv2,"(173,0,2,1)",27
1412,layers.13.conv2,"(437,0,1,1)",29
1413,layers.13.conv2,"(182,0,2,2)",19
1414,layers.13.conv2,"(271,0,0,2)",26
1415,layers.13.conv2,"(397,0,2,2)",7
1416,layers.13.conv2,"(250,0,1,1)",21
1417,layers.13.conv2,"(29,0,2,1)",28
1418,layers.13.conv2,"(501,0,2,1)",23
1419,layers.13.conv2,"(350,0,2,0)",7
1420,layers.13.conv2,"(363,0,0,1)",9
1421,layers.13.conv2,"(161,0,1,0)",1
1422,layers.13.conv2,"(226,0,2,2)",25
1423,layers.13.conv2,"(273,0,1,0)",3
1424,layers.13.conv2,"(336,0,2,2)",9
1425,layers.13.conv2,"(193,0,1,0)",8
1426,layers.13.conv2,"(366,0,0,1)",19
1427,layers.13.conv2,"(44,0,1,2)",15
1428,layers.13.conv2,"(16,0,2,2)",13
1429,layers.13.conv2,"(467,0,1,0)",18
1430,layers.13.conv2,"(65,0,2,1)",1
1431,layers.13.conv2,"(281,0,2,2)",1
1432,layers.13.conv2,"(304,0,1,0)",12
1433,layers.13.conv2,"(304,0,1,1)",23
1434,layers.13.conv2,"(218,0,2,0)",7
1435,layers.13.conv2,"(538,0,0,2)",23
1436,layers.13.conv2,"(19,0,2,2)",2
1437,layers.13.conv2,"(544,0,2,0)",16
1438,layers.13.conv2,"(295,0,1,2)",13
1439,layers.13.conv2,"(533,0,0,2)",2
1440,layers.13.conv3,"(39,34,0,0)",2
1441,layers.13.conv3,"(0,201,0,0)",0
1442,layers.13.conv3,"(31,331,0,0)",8
1443,layers.13.conv3,"(65,293,0,0)",30
1444,layers.13.conv3,"(131,379,0,0)",30
1445,layers.13.conv3,"(103,7,0,0)",6
1446,layers.13.conv3,"(137,492,0,0)",19
1447,layers.13.conv3,"(103,248,0,0)",24
1448,layers.13.conv3,"(141,196,0,0)",29
1449,layers.13.conv3,"(0,434,0,0)",7
1450,layers.13.conv3,"(109,124,0,0)",9
1451,layers.13.conv3,"(93,543,0,0)",11
1452,layers.13.conv3,"(136,521,0,0)",18
1453,layers.13.conv3,"(109,109,0,0)",23
1454,layers.13.conv3,"(121,447,0,0)",30
1455,layers.13.conv3,"(151,392,0,0)",12
1456,layers.13.conv3,"(42,446,0,0)",16
1457,layers.13.conv3,"(43,364,0,0)",9
1458,layers.13.conv3,"(64,399,0,0)",14
1459,layers.13.conv3,"(34,62,0,0)",7
1460,layers.13.conv3,"(5,342,0,0)",2
1461,layers.13.conv3,"(157,551,0,0)",10
1462,layers.13.conv3,"(91,81,0,0)",21
1463,layers.13.conv3,"(25,366,0,0)",18
1464,layers.13.conv3,"(148,409,0,0)",29
1465,layers.13.conv3,"(2,278,0,0)",27
1466,layers.13.conv3,"(30,129,0,0)",2
1467,layers.13.conv3,"(9,96,0,0)",7
1468,layers.13.conv3,"(13,162,0,0)",5
1469,layers.13.conv3,"(63,376,0,0)",24
1470,layers.13.conv3,"(133,543,0,0)",28
1471,layers.13.conv3,"(40,392,0,0)",9
1472,layers.14.conv1,"(33,20,0,0)",22
1473,layers.14.conv1,"(52,147,0,0)",26
1474,layers.14.conv1,"(942,30,0,0)",17
1475,layers.14.conv1,"(348,135,0,0)",1
1476,layers.14.conv1,"(613,105,0,0)",1
1477,layers.14.conv1,"(850,86,0,0)",5
1478,layers.14.conv1,"(820,73,0,0)",6
1479,layers.14.conv1,"(118,140,0,0)",27
1480,layers.14.conv1,"(1,4,0,0)",30
1481,layers.14.conv1,"(892,26,0,0)",21
1482,layers.14.conv1,"(484,153,0,0)",28
1483,layers.14.conv1,"(387,150,0,0)",3
1484,layers.14.conv1,"(442,41,0,0)",21
1485,layers.14.conv1,"(685,90,0,0)",31
1486,layers.14.conv1,"(36,110,0,0)",10
1487,layers.14.conv1,"(452,63,0,0)",28
1488,layers.14.conv1,"(723,101,0,0)",15
1489,layers.14.conv1,"(417,19,0,0)",23
1490,layers.14.conv1,"(904,105,0,0)",22
1491,layers.14.conv1,"(454,142,0,0)",11
1492,layers.14.conv1,"(78,34,0,0)",26
1493,layers.14.conv1,"(349,71,0,0)",26
1494,layers.14.conv1,"(574,64,0,0)",25
1495,layers.14.conv1,"(221,129,0,0)",21
1496,layers.14.conv1,"(894,92,0,0)",19
1497,layers.14.conv1,"(745,70,0,0)",20
1498,layers.14.conv1,"(680,147,0,0)",15
1499,layers.14.conv1,"(838,126,0,0)",18
1500,layers.14.conv1,"(841,153,0,0)",4
1501,layers.14.conv1,"(619,8,0,0)",30
1502,layers.14.conv1,"(860,100,0,0)",13
1503,layers.14.conv1,"(837,74,0,0)",19
1504,layers.14.conv2,"(16,0,2,1)",11
1505,layers.14.conv2,"(795,0,0,0)",27
1506,layers.14.conv2,"(950,0,1,1)",26
1507,layers.14.conv2,"(512,0,2,2)",29
1508,layers.14.conv2,"(857,0,2,1)",21
1509,layers.14.conv2,"(49,0,2,1)",29
1510,layers.14.conv2,"(837,0,1,1)",27
1511,layers.14.conv2,"(565,0,1,1)",14
1512,layers.14.conv2,"(395,0,2,1)",12
1513,layers.14.conv2,"(80,0,0,2)",16
1514,layers.14.conv2,"(862,0,0,1)",21
1515,layers.14.conv2,"(699,0,1,0)",14
1516,layers.14.conv2,"(774,0,2,2)",21
1517,layers.14.conv2,"(280,0,1,1)",10
1518,layers.14.conv2,"(464,0,2,0)",19
1519,layers.14.conv2,"(168,0,0,1)",19
1520,layers.14.conv2,"(27,0,2,0)",23
1521,layers.14.conv2,"(502,0,2,0)",26
1522,layers.14.conv2,"(112,0,0,0)",10
1523,layers.14.conv2,"(434,0,1,0)",21
1524,layers.14.conv2,"(326,0,1,0)",22
1525,layers.14.conv2,"(900,0,1,2)",27
1526,layers.14.conv2,"(303,0,0,1)",24
1527,layers.14.conv2,"(360,0,1,2)",23
1528,layers.14.conv2,"(640,0,0,1)",31
1529,layers.14.conv2,"(702,0,1,1)",4
1530,layers.14.conv2,"(805,0,1,1)",11
1531,layers.14.conv2,"(277,0,2,1)",6
1532,layers.14.conv2,"(109,0,2,2)",27
1533,layers.14.conv2,"(126,0,0,2)",20
1534,layers.14.conv2,"(914,0,2,0)",10
1535,layers.14.conv2,"(552,0,1,2)",24
1536,layers.14.conv3,"(41,314,0,0)",3
1537,layers.14.conv3,"(90,533,0,0)",12
1538,layers.14.conv3,"(38,689,0,0)",28
1539,layers.14.conv3,"(80,205,0,0)",15
1540,layers.14.conv3,"(45,831,0,0)",3
1541,layers.14.conv3,"(4,272,0,0)",10
1542,layers.14.conv3,"(98,716,0,0)",10
1543,layers.14.conv3,"(117,643,0,0)",25
1544,layers.14.conv3,"(18,4,0,0)",28
1545,layers.14.conv3,"(4,282,0,0)",28
1546,layers.14.conv3,"(22,314,0,0)",22
1547,layers.14.conv3,"(19,197,0,0)",14
1548,layers.14.conv3,"(54,319,0,0)",6
1549,layers.14.conv3,"(95,627,0,0)",11
1550,layers.14.conv3,"(94,367,0,0)",8
1551,layers.14.conv3,"(74,370,0,0)",6
1552,layers.14.conv3,"(64,143,0,0)",13
1553,layers.14.conv3,"(42,786,0,0)",21
1554,layers.14.conv3,"(54,614,0,0)",14
1555,layers.14.conv3,"(136,476,0,0)",4
1556,layers.14.conv3,"(75,620,0,0)",0
1557,layers.14.conv3,"(19,495,0,0)",1
1558,layers.14.conv3,"(16,424,0,0)",18
1559,layers.14.conv3,"(65,271,0,0)",31
1560,layers.14.conv3,"(152,236,0,0)",23
1561,layers.14.conv3,"(4,94,0,0)",1
1562,layers.14.conv3,"(21,308,0,0)",28
1563,layers.14.conv3,"(72,382,0,0)",25
1564,layers.14.conv3,"(50,130,0,0)",19
1565,layers.14.conv3,"(88,915,0,0)",29
1566,layers.14.conv3,"(141,349,0,0)",5
1567,layers.14.conv3,"(16,429,0,0)",19
1568,layers.15.conv1,"(693,133,0,0)",26
1569,layers.15.conv1,"(598,112,0,0)",15
1570,layers.15.conv1,"(927,12,0,0)",26
1571,layers.15.conv1,"(167,66,0,0)",3
1572,layers.15.conv1,"(145,15,0,0)",24
1573,layers.15.conv1,"(236,65,0,0)",8
1574,layers.15.conv1,"(767,21,0,0)",19
1575,layers.15.conv1,"(864,153,0,0)",1
1576,layers.15.conv1,"(850,89,0,0)",3
1577,layers.15.conv1,"(343,155,0,0)",17
1578,layers.15.conv1,"(767,48,0,0)",15
1579,layers.15.conv1,"(95,72,0,0)",18
1580,layers.15.conv1,"(604,105,0,0)",1
1581,layers.15.conv1,"(554,139,0,0)",15
1582,layers.15.conv1,"(309,95,0,0)",16
1583,layers.15.conv1,"(264,101,0,0)",24
1584,layers.15.conv1,"(569,123,0,0)",13
1585,layers.15.conv1,"(208,118,0,0)",19
1586,layers.15.conv1,"(7,109,0,0)",23
1587,layers.15.conv1,"(890,67,0,0)",4
1588,layers.15.conv1,"(59,28,0,0)",11
1589,layers.15.conv1,"(953,80,0,0)",3
1590,layers.15.conv1,"(958,105,0,0)",14
1591,layers.15.conv1,"(870,60,0,0)",5
1592,layers.15.conv1,"(345,104,0,0)",26
1593,layers.15.conv1,"(665,36,0,0)",28
1594,layers.15.conv1,"(513,38,0,0)",18
1595,layers.15.conv1,"(830,39,0,0)",16
1596,layers.15.conv1,"(126,68,0,0)",12
1597,layers.15.conv1,"(420,141,0,0)",28
1598,layers.15.conv1,"(931,103,0,0)",29
1599,layers.15.conv1,"(716,148,0,0)",20
1600,layers.15.conv2,"(357,0,0,1)",0
1601,layers.15.conv2,"(240,0,2,2)",1
1602,layers.15.conv2,"(831,0,0,2)",31
1603,layers.15.conv2,"(159,0,2,2)",25
1604,layers.15.conv2,"(406,0,0,2)",10
1605,layers.15.conv2,"(148,0,2,2)",25
1606,layers.15.conv2,"(523,0,2,2)",7
1607,layers.15.conv2,"(134,0,2,1)",16
1608,layers.15.conv2,"(320,0,0,0)",25
1609,layers.15.conv2,"(594,0,1,2)",19
1610,layers.15.conv2,"(658,0,2,0)",9
1611,layers.15.conv2,"(364,0,0,1)",7
1612,layers.15.conv2,"(621,0,0,1)",7
1613,layers.15.conv2,"(619,0,0,0)",21
1614,layers.15.conv2,"(886,0,1,0)",22
1615,layers.15.conv2,"(808,0,2,0)",17
1616,layers.15.conv2,"(202,0,2,1)",29
1617,layers.15.conv2,"(700,0,0,1)",12
1618,layers.15.conv2,"(483,0,2,0)",12
1619,layers.15.conv2,"(439,0,0,0)",15
1620,layers.15.conv2,"(696,0,0,0)",31
1621,layers.15.conv2,"(383,0,2,2)",18
1622,layers.15.conv2,"(439,0,2,0)",18
1623,layers.15.conv2,"(193,0,2,2)",13
1624,layers.15.conv2,"(58,0,0,2)",16
1625,layers.15.conv2,"(919,0,0,1)",31
1626,layers.15.conv2,"(929,0,2,1)",5
1627,layers.15.conv2,"(827,0,2,0)",20
1628,layers.15.conv2,"(672,0,2,0)",19
1629,layers.15.conv2,"(575,0,2,1)",31
1630,layers.15.conv2,"(761,0,1,0)",15
1631,layers.15.conv2,"(902,0,1,0)",26
1632,layers.15.conv3,"(32,340,0,0)",0
1633,layers.15.conv3,"(52,524,0,0)",10
1634,layers.15.conv3,"(67,43,0,0)",30
1635,layers.15.conv3,"(89,570,0,0)",24
1636,layers.15.conv3,"(14,716,0,0)",25
1637,layers.15.conv3,"(76,109,0,0)",6
1638,layers.15.conv3,"(132,405,0,0)",7
1639,layers.15.conv3,"(2,689,0,0)",8
1640,layers.15.conv3,"(54,793,0,0)",18
1641,layers.15.conv3,"(50,108,0,0)",17
1642,layers.15.conv3,"(66,228,0,0)",27
1643,layers.15.conv3,"(149,809,0,0)",10
1644,layers.15.conv3,"(36,23,0,0)",17
1645,layers.15.conv3,"(103,726,0,0)",27
1646,layers.15.conv3,"(68,916,0,0)",7
1647,layers.15.conv3,"(16,861,0,0)",29
1648,layers.15.conv3,"(14,235,0,0)",17
1649,layers.15.conv3,"(144,778,0,0)",3
1650,layers.15.conv3,"(7,504,0,0)",19
1651,layers.15.conv3,"(102,878,0,0)",27
1652,layers.15.conv3,"(144,598,0,0)",8
1653,layers.15.conv3,"(132,394,0,0)",25
1654,layers.15.conv3,"(77,85,0,0)",17
1655,layers.15.conv3,"(129,621,0,0)",19
1656,layers.15.conv3,"(18,49,0,0)",28
1657,layers.15.conv3,"(36,182,0,0)",4
1658,layers.15.conv3,"(130,24,0,0)",27
1659,layers.15.conv3,"(96,725,0,0)",18
1660,layers.15.conv3,"(60,959,0,0)",4
1661,layers.15.conv3,"(157,815,0,0)",13
1662,layers.15.conv3,"(29,354,0,0)",9
1663,layers.15.conv3,"(42,920,0,0)",15
1664,layers.16.conv1,"(129,77,0,0)",9
1665,layers.16.conv1,"(897,55,0,0)",3
1666,layers.16.conv1,"(741,14,0,0)",15
1667,layers.16.conv1,"(143,13,0,0)",25
1668,layers.16.conv1,"(528,72,0,0)",10
1669,layers.16.conv1,"(824,119,0,0)",21
1670,layers.16.conv1,"(513,91,0,0)",21
1671,layers.16.conv1,"(383,150,0,0)",23
1672,layers.16.conv1,"(596,42,0,0)",14
1673,layers.16.conv1,"(462,15,0,0)",26
1674,layers.16.conv1,"(327,105,0,0)",2
1675,layers.16.conv1,"(118,52,0,0)",30
1676,layers.16.conv1,"(953,48,0,0)",31
1677,layers.16.conv1,"(633,43,0,0)",25
1678,layers.16.conv1,"(542,109,0,0)",5
1679,layers.16.conv1,"(249,25,0,0)",27
1680,layers.16.conv1,"(625,35,0,0)",11
1681,layers.16.conv1,"(740,80,0,0)",5
1682,layers.16.conv1,"(180,8,0,0)",23
1683,layers.16.conv1,"(708,13,0,0)",21
1684,layers.16.conv1,"(538,152,0,0)",31
1685,layers.16.conv1,"(799,62,0,0)",7
1686,layers.16.conv1,"(898,149,0,0)",15
1687,layers.16.conv1,"(621,101,0,0)",4
1688,layers.16.conv1,"(74,35,0,0)",26
1689,layers.16.conv1,"(814,115,0,0)",12
1690,layers.16.conv1,"(310,95,0,0)",25
1691,layers.16.conv1,"(125,107,0,0)",2
1692,layers.16.conv1,"(676,4,0,0)",8
1693,layers.16.conv1,"(257,101,0,0)",7
1694,layers.16.conv1,"(80,94,0,0)",19
1695,layers.16.conv1,"(832,158,0,0)",6
1696,layers.16.conv2,"(610,0,0,1)",17
1697,layers.16.conv2,"(535,0,0,2)",24
1698,layers.16.conv2,"(262,0,0,2)",30
1699,layers.16.conv2,"(584,0,2,2)",25
1700,layers.16.conv2,"(634,0,1,0)",15
1701,layers.16.conv2,"(741,0,0,0)",4
1702,layers.16.conv2,"(210,0,1,0)",11
1703,layers.16.conv2,"(880,0,1,2)",21
1704,layers.16.conv2,"(6,0,0,0)",16
1705,layers.16.conv2,"(21,0,0,1)",20
1706,layers.16.conv2,"(606,0,2,0)",21
1707,layers.16.conv2,"(372,0,2,0)",4
1708,layers.16.conv2,"(221,0,1,2)",15
1709,layers.16.conv2,"(200,0,0,0)",6
1710,layers.16.conv2,"(77,0,0,1)",10
1711,layers.16.conv2,"(138,0,2,2)",16
1712,layers.16.conv2,"(786,0,2,0)",23
1713,layers.16.conv2,"(368,0,0,1)",0
1714,layers.16.conv2,"(559,0,2,2)",15
1715,layers.16.conv2,"(592,0,0,2)",15
1716,layers.16.conv2,"(256,0,2,2)",17
1717,layers.16.conv2,"(537,0,2,0)",7
1718,layers.16.conv2,"(499,0,2,0)",1
1719,layers.16.conv2,"(232,0,0,2)",3
1720,layers.16.conv2,"(659,0,0,2)",30
1721,layers.16.conv2,"(367,0,1,2)",10
1722,layers.16.conv2,"(173,0,2,0)",8
1723,layers.16.conv2,"(535,0,0,2)",2
1724,layers.16.conv2,"(907,0,0,2)",6
1725,layers.16.conv2,"(394,0,2,2)",25
1726,layers.16.conv2,"(601,0,2,1)",24
1727,layers.16.conv2,"(851,0,1,1)",29
1728,layers.16.conv3,"(215,763,0,0)",5
1729,layers.16.conv3,"(270,676,0,0)",2
1730,layers.16.conv3,"(41,487,0,0)",14
1731,layers.16.conv3,"(102,957,0,0)",10
1732,layers.16.conv3,"(280,427,0,0)",25
1733,layers.16.conv3,"(51,853,0,0)",22
1734,layers.16.conv3,"(30,795,0,0)",3
1735,layers.16.conv3,"(103,730,0,0)",18
1736,layers.16.conv3,"(25,423,0,0)",21
1737,layers.16.conv3,"(159,919,0,0)",19
1738,layers.16.conv3,"(110,114,0,0)",2
1739,layers.16.conv3,"(222,512,0,0)",12
1740,layers.16.conv3,"(155,200,0,0)",1
1741,layers.16.conv3,"(67,785,0,0)",15
1742,layers.16.conv3,"(121,437,0,0)",29
1743,layers.16.conv3,"(22,205,0,0)",9
1744,layers.16.conv3,"(277,845,0,0)",23
1745,layers.16.conv3,"(25,88,0,0)",21
1746,layers.16.conv3,"(41,298,0,0)",14
1747,layers.16.conv3,"(1,406,0,0)",14
1748,layers.16.conv3,"(5,435,0,0)",10
1749,layers.16.conv3,"(42,282,0,0)",1
1750,layers.16.conv3,"(22,529,0,0)",21
1751,layers.16.conv3,"(272,73,0,0)",10
1752,layers.16.conv3,"(40,673,0,0)",24
1753,layers.16.conv3,"(45,776,0,0)",23
1754,layers.16.conv3,"(150,391,0,0)",25
1755,layers.16.conv3,"(40,882,0,0)",4
1756,layers.16.conv3,"(214,214,0,0)",12
1757,layers.16.conv3,"(71,296,0,0)",8
1758,layers.16.conv3,"(251,501,0,0)",16
1759,layers.16.conv3,"(127,185,0,0)",24
1760,layers.16.shortcut.0,"(261,12,0,0)",7
1761,layers.16.shortcut.0,"(204,87,0,0)",3
1762,layers.16.shortcut.0,"(80,99,0,0)",5
1763,layers.16.shortcut.0,"(37,159,0,0)",0
1764,layers.16.shortcut.0,"(235,85,0,0)",26
1765,layers.16.shortcut.0,"(148,56,0,0)",27
1766,layers.16.shortcut.0,"(26,158,0,0)",6
1767,layers.16.shortcut.0,"(289,63,0,0)",16
1768,layers.16.shortcut.0,"(226,134,0,0)",9
1769,layers.16.shortcut.0,"(175,63,0,0)",18
1770,layers.16.shortcut.0,"(123,131,0,0)",0
1771,layers.16.shortcut.0,"(4,73,0,0)",30
1772,layers.16.shortcut.0,"(105,110,0,0)",6
1773,layers.16.shortcut.0,"(191,128,0,0)",11
1774,layers.16.shortcut.0,"(160,56,0,0)",21
1775,layers.16.shortcut.0,"(109,150,0,0)",21
1776,layers.16.shortcut.0,"(63,8,0,0)",6
1777,layers.16.shortcut.0,"(311,26,0,0)",27
1778,layers.16.shortcut.0,"(179,33,0,0)",2
1779,layers.16.shortcut.0,"(123,35,0,0)",1
1780,layers.16.shortcut.0,"(171,82,0,0)",27
1781,layers.16.shortcut.0,"(57,133,0,0)",26
1782,layers.16.shortcut.0,"(196,30,0,0)",29
1783,layers.16.shortcut.0,"(208,133,0,0)",10
1784,layers.16.shortcut.0,"(87,142,0,0)",13
1785,layers.16.shortcut.0,"(209,45,0,0)",23
1786,layers.16.shortcut.0,"(291,51,0,0)",29
1787,layers.16.shortcut.0,"(296,8,0,0)",3
1788,layers.16.shortcut.0,"(64,12,0,0)",6
1789,layers.16.shortcut.0,"(10,18,0,0)",18
1790,layers.16.shortcut.0,"(300,123,0,0)",30
1791,layers.16.shortcut.0,"(289,25,0,0)",22
1792,conv2,"(550,228,0,0)",8
1793,conv2,"(719,80,0,0)",2
1794,conv2,"(752,178,0,0)",0
1795,conv2,"(1209,55,0,0)",20
1796,conv2,"(193,200,0,0)",31
1797,conv2,"(878,217,0,0)",26
1798,conv2,"(8,210,0,0)",14
1799,conv2,"(590,129,0,0)",5
1800,conv2,"(597,56,0,0)",24
1801,conv2,"(953,317,0,0)",3
1802,conv2,"(233,71,0,0)",11
1803,conv2,"(659,128,0,0)",15
1804,conv2,"(986,257,0,0)",5
1805,conv2,"(1123,199,0,0)",15
1806,conv2,"(573,195,0,0)",0
1807,conv2,"(353,143,0,0)",30
1808,conv2,"(879,274,0,0)",27
1809,conv2,"(923,29,0,0)",27
1810,conv2,"(201,82,0,0)",27
1811,conv2,"(1182,147,0,0)",17
1812,conv2,"(917,278,0,0)",8
1813,conv2,"(1247,11,0,0)",31
1814,conv2,"(468,291,0,0)",23
1815,conv2,"(845,68,0,0)",11
1816,conv2,"(1079,314,0,0)",2
1817,conv2,"(224,140,0,0)",0
1818,conv2,"(843,29,0,0)",12
1819,conv2,"(687,26,0,0)",30
1820,conv2,"(103,96,0,0)",20
1821,conv2,"(619,155,0,0)",19
1822,conv2,"(1065,153,0,0)",18
1823,conv2,"(24,245,0,0)",14
1824,linear,"(0,217)",8
1825,linear,"(1,404)",14
1826,linear,"(1,121)",3
1827,linear,"(5,309)",2
1828,linear,"(2,708)",17
1829,linear,"(3,1123)",30
1830,linear,"(2,307)",14
1831,linear,"(9,643)",18
1832,linear,"(6,931)",30
1833,linear,"(9,531)",20
1834,linear,"(2,686)",1
1835,linear,"(5,448)",11
1836,linear,"(5,1070)",16
1837,linear,"(5,616)",19
1838,linear,"(7,991)",7
1839,linear,"(5,965)",14
1840,linear,"(1,218)",22
1841,linear,"(8,929)",27
1842,linear,"(4,171)",7
1843,linear,"(3,261)",24
1844,linear,"(2,116)",18
1845,linear,"(4,313)",14
1846,linear,"(2,1)",6
1847,linear,"(0,938)",3
1848,linear,"(6,22)",22
1849,linear,"(7,663)",11
1850,linear,"(4,1096)",16
1851,linear,"(7,401)",28
1852,linear,"(1,579)",15
1853,linear,"(9,180)",24
1854,linear,"(9,747)",21
1855,linear,"(3,380)",31
