0,conv1.conv,"(121, 2, 2, 0)",30
1,conv1.conv,"(150, 1, 1, 1)",30
2,conv1.conv,"(44, 1, 1, 0)",30
3,conv1.conv,"(165, 1, 2, 1)",30
4,conv1.conv,"(77, 1, 2, 0)",30
5,conv1.conv,"(123, 0, 0, 1)",30
6,conv1.conv,"(178, 2, 0, 2)",30
7,conv1.conv,"(108, 2, 0, 1)",30
8,conv1.conv,"(144, 0, 1, 1)",30
9,conv1.conv,"(1, 0, 2, 0)",30
10,conv1.conv,"(161, 1, 2, 1)",30
11,conv1.conv,"(62, 2, 0, 2)",30
12,conv1.conv,"(100, 0, 0, 2)",30
13,conv1.conv,"(158, 2, 0, 2)",30
14,conv1.conv,"(8, 0, 1, 1)",30
15,conv1.conv,"(40, 2, 0, 0)",30
16,conv1.conv,"(56, 1, 1, 1)",30
17,conv1.conv,"(6, 0, 2, 1)",30
18,conv1.conv,"(183, 1, 1, 1)",30
19,conv1.conv,"(104, 0, 2, 1)",30
20,inception3a.branch1.conv,"(7, 104, 0, 0)",30
21,inception3a.branch1.conv,"(63, 3, 0, 0)",30
22,inception3a.branch1.conv,"(13, 53, 0, 0)",30
23,inception3a.branch1.conv,"(3, 63, 0, 0)",30
24,inception3a.branch1.conv,"(47, 121, 0, 0)",30
25,inception3a.branch1.conv,"(52, 110, 0, 0)",30
26,inception3a.branch1.conv,"(35, 23, 0, 0)",30
27,inception3a.branch1.conv,"(21, 175, 0, 0)",30
28,inception3a.branch1.conv,"(62, 36, 0, 0)",30
29,inception3a.branch1.conv,"(29, 164, 0, 0)",30
30,inception3a.branch1.conv,"(44, 166, 0, 0)",30
31,inception3a.branch1.conv,"(16, 117, 0, 0)",30
32,inception3a.branch1.conv,"(26, 92, 0, 0)",30
33,inception3a.branch1.conv,"(57, 9, 0, 0)",30
34,inception3a.branch1.conv,"(36, 62, 0, 0)",30
35,inception3a.branch1.conv,"(62, 110, 0, 0)",30
36,inception3a.branch1.conv,"(11, 62, 0, 0)",30
37,inception3a.branch1.conv,"(8, 101, 0, 0)",30
38,inception3a.branch1.conv,"(51, 50, 0, 0)",30
39,inception3a.branch1.conv,"(47, 150, 0, 0)",30
40,inception3a.branch2.0.conv,"(20, 10, 0, 0)",30
41,inception3a.branch2.0.conv,"(71, 82, 0, 0)",30
42,inception3a.branch2.0.conv,"(58, 0, 0, 0)",30
43,inception3a.branch2.0.conv,"(23, 122, 0, 0)",30
44,inception3a.branch2.0.conv,"(80, 157, 0, 0)",30
45,inception3a.branch2.0.conv,"(25, 47, 0, 0)",30
46,inception3a.branch2.0.conv,"(35, 72, 0, 0)",30
47,inception3a.branch2.0.conv,"(2, 113, 0, 0)",30
48,inception3a.branch2.0.conv,"(28, 165, 0, 0)",30
49,inception3a.branch2.0.conv,"(80, 77, 0, 0)",30
50,inception3a.branch2.0.conv,"(22, 28, 0, 0)",30
51,inception3a.branch2.0.conv,"(5, 119, 0, 0)",30
52,inception3a.branch2.0.conv,"(39, 10, 0, 0)",30
53,inception3a.branch2.0.conv,"(85, 82, 0, 0)",30
54,inception3a.branch2.0.conv,"(86, 19, 0, 0)",30
55,inception3a.branch2.0.conv,"(72, 95, 0, 0)",30
56,inception3a.branch2.0.conv,"(8, 118, 0, 0)",30
57,inception3a.branch2.0.conv,"(72, 86, 0, 0)",30
58,inception3a.branch2.0.conv,"(61, 185, 0, 0)",30
59,inception3a.branch2.0.conv,"(51, 79, 0, 0)",30
60,inception3a.branch2.1.conv,"(103, 47, 0, 2)",30
61,inception3a.branch2.1.conv,"(36, 38, 0, 1)",30
62,inception3a.branch2.1.conv,"(13, 26, 2, 2)",30
63,inception3a.branch2.1.conv,"(31, 90, 0, 1)",30
64,inception3a.branch2.1.conv,"(81, 52, 2, 1)",30
65,inception3a.branch2.1.conv,"(108, 66, 1, 0)",30
66,inception3a.branch2.1.conv,"(111, 78, 1, 0)",30
67,inception3a.branch2.1.conv,"(8, 65, 0, 0)",30
68,inception3a.branch2.1.conv,"(118, 9, 0, 1)",30
69,inception3a.branch2.1.conv,"(1, 32, 0, 1)",30
70,inception3a.branch2.1.conv,"(102, 14, 0, 1)",30
71,inception3a.branch2.1.conv,"(8, 51, 2, 1)",30
72,inception3a.branch2.1.conv,"(75, 12, 0, 1)",30
73,inception3a.branch2.1.conv,"(39, 42, 1, 1)",30
74,inception3a.branch2.1.conv,"(41, 78, 2, 0)",30
75,inception3a.branch2.1.conv,"(40, 26, 1, 2)",30
76,inception3a.branch2.1.conv,"(61, 53, 2, 0)",30
77,inception3a.branch2.1.conv,"(40, 53, 0, 0)",30
78,inception3a.branch2.1.conv,"(77, 43, 1, 2)",30
79,inception3a.branch2.1.conv,"(12, 73, 0, 1)",30
80,inception3a.branch3.0.conv,"(12, 2, 0, 0)",30
81,inception3a.branch3.0.conv,"(13, 130, 0, 0)",30
82,inception3a.branch3.0.conv,"(0, 125, 0, 0)",30
83,inception3a.branch3.0.conv,"(11, 65, 0, 0)",30
84,inception3a.branch3.0.conv,"(7, 129, 0, 0)",30
85,inception3a.branch3.0.conv,"(11, 70, 0, 0)",30
86,inception3a.branch3.0.conv,"(2, 168, 0, 0)",30
87,inception3a.branch3.0.conv,"(5, 93, 0, 0)",30
88,inception3a.branch3.0.conv,"(3, 122, 0, 0)",30
89,inception3a.branch3.0.conv,"(13, 90, 0, 0)",30
90,inception3a.branch3.0.conv,"(6, 182, 0, 0)",30
91,inception3a.branch3.0.conv,"(11, 18, 0, 0)",30
92,inception3a.branch3.0.conv,"(5, 59, 0, 0)",30
93,inception3a.branch3.0.conv,"(13, 147, 0, 0)",30
94,inception3a.branch3.0.conv,"(10, 92, 0, 0)",30
95,inception3a.branch3.0.conv,"(12, 41, 0, 0)",30
96,inception3a.branch3.0.conv,"(9, 108, 0, 0)",30
97,inception3a.branch3.0.conv,"(7, 81, 0, 0)",30
98,inception3a.branch3.0.conv,"(4, 98, 0, 0)",30
99,inception3a.branch3.0.conv,"(11, 61, 0, 0)",30
100,inception3a.branch3.1.conv,"(14, 2, 1, 0)",30
101,inception3a.branch3.1.conv,"(31, 7, 2, 0)",30
102,inception3a.branch3.1.conv,"(1, 10, 1, 2)",30
103,inception3a.branch3.1.conv,"(13, 6, 0, 1)",30
104,inception3a.branch3.1.conv,"(28, 2, 0, 1)",30
105,inception3a.branch3.1.conv,"(28, 7, 1, 0)",30
106,inception3a.branch3.1.conv,"(26, 11, 1, 0)",30
107,inception3a.branch3.1.conv,"(3, 2, 2, 0)",30
108,inception3a.branch3.1.conv,"(19, 0, 1, 1)",30
109,inception3a.branch3.1.conv,"(16, 0, 1, 0)",30
110,inception3a.branch3.1.conv,"(12, 13, 1, 0)",30
111,inception3a.branch3.1.conv,"(3, 14, 2, 0)",30
112,inception3a.branch3.1.conv,"(29, 6, 2, 0)",30
113,inception3a.branch3.1.conv,"(19, 0, 0, 0)",30
114,inception3a.branch3.1.conv,"(4, 15, 2, 1)",30
115,inception3a.branch3.1.conv,"(1, 3, 2, 2)",30
116,inception3a.branch3.1.conv,"(12, 3, 2, 1)",30
117,inception3a.branch3.1.conv,"(5, 3, 1, 1)",30
118,inception3a.branch3.1.conv,"(11, 10, 2, 1)",30
119,inception3a.branch3.1.conv,"(22, 4, 0, 1)",30
120,inception3a.branch4.1.conv,"(19, 98, 0, 0)",30
121,inception3a.branch4.1.conv,"(4, 53, 0, 0)",30
122,inception3a.branch4.1.conv,"(29, 138, 0, 0)",30
123,inception3a.branch4.1.conv,"(24, 148, 0, 0)",30
124,inception3a.branch4.1.conv,"(2, 99, 0, 0)",30
125,inception3a.branch4.1.conv,"(9, 28, 0, 0)",30
126,inception3a.branch4.1.conv,"(16, 123, 0, 0)",30
127,inception3a.branch4.1.conv,"(31, 92, 0, 0)",30
128,inception3a.branch4.1.conv,"(31, 155, 0, 0)",30
129,inception3a.branch4.1.conv,"(20, 66, 0, 0)",30
130,inception3a.branch4.1.conv,"(2, 172, 0, 0)",30
131,inception3a.branch4.1.conv,"(15, 107, 0, 0)",30
132,inception3a.branch4.1.conv,"(26, 7, 0, 0)",30
133,inception3a.branch4.1.conv,"(7, 34, 0, 0)",30
134,inception3a.branch4.1.conv,"(9, 148, 0, 0)",30
135,inception3a.branch4.1.conv,"(31, 44, 0, 0)",30
136,inception3a.branch4.1.conv,"(9, 50, 0, 0)",30
137,inception3a.branch4.1.conv,"(13, 104, 0, 0)",30
138,inception3a.branch4.1.conv,"(8, 19, 0, 0)",30
139,inception3a.branch4.1.conv,"(25, 191, 0, 0)",30
140,inception3b.branch1.conv,"(24, 225, 0, 0)",30
141,inception3b.branch1.conv,"(16, 255, 0, 0)",30
142,inception3b.branch1.conv,"(99, 60, 0, 0)",30
143,inception3b.branch1.conv,"(1, 231, 0, 0)",30
144,inception3b.branch1.conv,"(23, 102, 0, 0)",30
145,inception3b.branch1.conv,"(64, 8, 0, 0)",30
146,inception3b.branch1.conv,"(32, 24, 0, 0)",30
147,inception3b.branch1.conv,"(57, 190, 0, 0)",30
148,inception3b.branch1.conv,"(108, 217, 0, 0)",30
149,inception3b.branch1.conv,"(43, 144, 0, 0)",30
150,inception3b.branch1.conv,"(68, 160, 0, 0)",30
151,inception3b.branch1.conv,"(51, 157, 0, 0)",30
152,inception3b.branch1.conv,"(113, 177, 0, 0)",30
153,inception3b.branch1.conv,"(116, 52, 0, 0)",30
154,inception3b.branch1.conv,"(24, 196, 0, 0)",30
155,inception3b.branch1.conv,"(108, 228, 0, 0)",30
156,inception3b.branch1.conv,"(6, 15, 0, 0)",30
157,inception3b.branch1.conv,"(124, 196, 0, 0)",30
158,inception3b.branch1.conv,"(77, 123, 0, 0)",30
159,inception3b.branch1.conv,"(97, 197, 0, 0)",30
160,inception3b.branch2.0.conv,"(57, 199, 0, 0)",30
161,inception3b.branch2.0.conv,"(122, 254, 0, 0)",30
162,inception3b.branch2.0.conv,"(85, 118, 0, 0)",30
163,inception3b.branch2.0.conv,"(20, 200, 0, 0)",30
164,inception3b.branch2.0.conv,"(98, 230, 0, 0)",30
165,inception3b.branch2.0.conv,"(5, 135, 0, 0)",30
166,inception3b.branch2.0.conv,"(62, 138, 0, 0)",30
167,inception3b.branch2.0.conv,"(44, 40, 0, 0)",30
168,inception3b.branch2.0.conv,"(110, 26, 0, 0)",30
169,inception3b.branch2.0.conv,"(24, 116, 0, 0)",30
170,inception3b.branch2.0.conv,"(110, 44, 0, 0)",30
171,inception3b.branch2.0.conv,"(40, 16, 0, 0)",30
172,inception3b.branch2.0.conv,"(72, 133, 0, 0)",30
173,inception3b.branch2.0.conv,"(32, 2, 0, 0)",30
174,inception3b.branch2.0.conv,"(120, 71, 0, 0)",30
175,inception3b.branch2.0.conv,"(103, 126, 0, 0)",30
176,inception3b.branch2.0.conv,"(15, 83, 0, 0)",30
177,inception3b.branch2.0.conv,"(98, 251, 0, 0)",30
178,inception3b.branch2.0.conv,"(60, 212, 0, 0)",30
179,inception3b.branch2.0.conv,"(19, 29, 0, 0)",30
180,inception3b.branch2.1.conv,"(152, 41, 0, 2)",30
181,inception3b.branch2.1.conv,"(92, 10, 2, 0)",30
182,inception3b.branch2.1.conv,"(167, 1, 0, 2)",30
183,inception3b.branch2.1.conv,"(157, 114, 1, 0)",30
184,inception3b.branch2.1.conv,"(88, 30, 1, 1)",30
185,inception3b.branch2.1.conv,"(187, 6, 0, 1)",30
186,inception3b.branch2.1.conv,"(112, 125, 0, 0)",30
187,inception3b.branch2.1.conv,"(156, 71, 1, 0)",30
188,inception3b.branch2.1.conv,"(25, 121, 2, 1)",30
189,inception3b.branch2.1.conv,"(150, 101, 2, 0)",30
190,inception3b.branch2.1.conv,"(185, 31, 2, 1)",30
191,inception3b.branch2.1.conv,"(148, 9, 1, 2)",30
192,inception3b.branch2.1.conv,"(167, 26, 0, 2)",30
193,inception3b.branch2.1.conv,"(73, 123, 0, 2)",30
194,inception3b.branch2.1.conv,"(57, 96, 2, 0)",30
195,inception3b.branch2.1.conv,"(22, 54, 2, 1)",30
196,inception3b.branch2.1.conv,"(190, 15, 0, 1)",30
197,inception3b.branch2.1.conv,"(119, 125, 1, 2)",30
198,inception3b.branch2.1.conv,"(156, 75, 2, 0)",30
199,inception3b.branch2.1.conv,"(61, 85, 2, 1)",30
200,inception3b.branch3.0.conv,"(11, 221, 0, 0)",30
201,inception3b.branch3.0.conv,"(31, 54, 0, 0)",30
202,inception3b.branch3.0.conv,"(18, 166, 0, 0)",30
203,inception3b.branch3.0.conv,"(11, 12, 0, 0)",30
204,inception3b.branch3.0.conv,"(3, 180, 0, 0)",30
205,inception3b.branch3.0.conv,"(13, 203, 0, 0)",30
206,inception3b.branch3.0.conv,"(6, 210, 0, 0)",30
207,inception3b.branch3.0.conv,"(27, 239, 0, 0)",30
208,inception3b.branch3.0.conv,"(26, 73, 0, 0)",30
209,inception3b.branch3.0.conv,"(24, 139, 0, 0)",30
210,inception3b.branch3.0.conv,"(11, 94, 0, 0)",30
211,inception3b.branch3.0.conv,"(21, 138, 0, 0)",30
212,inception3b.branch3.0.conv,"(31, 31, 0, 0)",30
213,inception3b.branch3.0.conv,"(16, 82, 0, 0)",30
214,inception3b.branch3.0.conv,"(2, 184, 0, 0)",30
215,inception3b.branch3.0.conv,"(13, 202, 0, 0)",30
216,inception3b.branch3.0.conv,"(3, 246, 0, 0)",30
217,inception3b.branch3.0.conv,"(13, 37, 0, 0)",30
218,inception3b.branch3.0.conv,"(26, 137, 0, 0)",30
219,inception3b.branch3.0.conv,"(31, 49, 0, 0)",30
220,inception3b.branch3.1.conv,"(91, 11, 2, 1)",30
221,inception3b.branch3.1.conv,"(67, 31, 0, 2)",30
222,inception3b.branch3.1.conv,"(4, 18, 0, 0)",30
223,inception3b.branch3.1.conv,"(16, 15, 0, 2)",30
224,inception3b.branch3.1.conv,"(14, 12, 1, 2)",30
225,inception3b.branch3.1.conv,"(79, 4, 2, 2)",30
226,inception3b.branch3.1.conv,"(28, 19, 0, 0)",30
227,inception3b.branch3.1.conv,"(74, 10, 0, 1)",30
228,inception3b.branch3.1.conv,"(12, 9, 0, 2)",30
229,inception3b.branch3.1.conv,"(72, 9, 1, 0)",30
230,inception3b.branch3.1.conv,"(38, 16, 1, 1)",30
231,inception3b.branch3.1.conv,"(84, 25, 2, 0)",30
232,inception3b.branch3.1.conv,"(76, 3, 2, 2)",30
233,inception3b.branch3.1.conv,"(38, 18, 2, 0)",30
234,inception3b.branch3.1.conv,"(93, 27, 1, 0)",30
235,inception3b.branch3.1.conv,"(10, 9, 1, 2)",30
236,inception3b.branch3.1.conv,"(69, 17, 2, 1)",30
237,inception3b.branch3.1.conv,"(14, 9, 1, 2)",30
238,inception3b.branch3.1.conv,"(56, 10, 1, 0)",30
239,inception3b.branch3.1.conv,"(94, 18, 1, 1)",30
240,inception3b.branch4.1.conv,"(61, 205, 0, 0)",30
241,inception3b.branch4.1.conv,"(3, 157, 0, 0)",30
242,inception3b.branch4.1.conv,"(35, 148, 0, 0)",30
243,inception3b.branch4.1.conv,"(58, 204, 0, 0)",30
244,inception3b.branch4.1.conv,"(17, 35, 0, 0)",30
245,inception3b.branch4.1.conv,"(40, 4, 0, 0)",30
246,inception3b.branch4.1.conv,"(38, 32, 0, 0)",30
247,inception3b.branch4.1.conv,"(59, 173, 0, 0)",30
248,inception3b.branch4.1.conv,"(48, 59, 0, 0)",30
249,inception3b.branch4.1.conv,"(9, 95, 0, 0)",30
250,inception3b.branch4.1.conv,"(10, 151, 0, 0)",30
251,inception3b.branch4.1.conv,"(26, 37, 0, 0)",30
252,inception3b.branch4.1.conv,"(44, 52, 0, 0)",30
253,inception3b.branch4.1.conv,"(62, 65, 0, 0)",30
254,inception3b.branch4.1.conv,"(35, 59, 0, 0)",30
255,inception3b.branch4.1.conv,"(45, 204, 0, 0)",30
256,inception3b.branch4.1.conv,"(45, 78, 0, 0)",30
257,inception3b.branch4.1.conv,"(31, 5, 0, 0)",30
258,inception3b.branch4.1.conv,"(26, 0, 0, 0)",30
259,inception3b.branch4.1.conv,"(7, 46, 0, 0)",30
260,inception4a.branch1.conv,"(114, 467, 0, 0)",30
261,inception4a.branch1.conv,"(189, 410, 0, 0)",30
262,inception4a.branch1.conv,"(68, 257, 0, 0)",30
263,inception4a.branch1.conv,"(62, 58, 0, 0)",30
264,inception4a.branch1.conv,"(124, 352, 0, 0)",30
265,inception4a.branch1.conv,"(46, 414, 0, 0)",30
266,inception4a.branch1.conv,"(97, 252, 0, 0)",30
267,inception4a.branch1.conv,"(137, 359, 0, 0)",30
268,inception4a.branch1.conv,"(98, 459, 0, 0)",30
269,inception4a.branch1.conv,"(172, 425, 0, 0)",30
270,inception4a.branch1.conv,"(166, 452, 0, 0)",30
271,inception4a.branch1.conv,"(38, 328, 0, 0)",30
272,inception4a.branch1.conv,"(62, 361, 0, 0)",30
273,inception4a.branch1.conv,"(184, 61, 0, 0)",30
274,inception4a.branch1.conv,"(145, 230, 0, 0)",30
275,inception4a.branch1.conv,"(169, 301, 0, 0)",30
276,inception4a.branch1.conv,"(70, 107, 0, 0)",30
277,inception4a.branch1.conv,"(32, 20, 0, 0)",30
278,inception4a.branch1.conv,"(93, 247, 0, 0)",30
279,inception4a.branch1.conv,"(35, 360, 0, 0)",30
280,inception4a.branch2.0.conv,"(25, 317, 0, 0)",30
281,inception4a.branch2.0.conv,"(47, 270, 0, 0)",30
282,inception4a.branch2.0.conv,"(45, 216, 0, 0)",30
283,inception4a.branch2.0.conv,"(20, 141, 0, 0)",30
284,inception4a.branch2.0.conv,"(47, 321, 0, 0)",30
285,inception4a.branch2.0.conv,"(67, 477, 0, 0)",30
286,inception4a.branch2.0.conv,"(9, 235, 0, 0)",30
287,inception4a.branch2.0.conv,"(23, 399, 0, 0)",30
288,inception4a.branch2.0.conv,"(36, 434, 0, 0)",30
289,inception4a.branch2.0.conv,"(21, 368, 0, 0)",30
290,inception4a.branch2.0.conv,"(78, 192, 0, 0)",30
291,inception4a.branch2.0.conv,"(89, 374, 0, 0)",30
292,inception4a.branch2.0.conv,"(15, 92, 0, 0)",30
293,inception4a.branch2.0.conv,"(64, 337, 0, 0)",30
294,inception4a.branch2.0.conv,"(21, 428, 0, 0)",30
295,inception4a.branch2.0.conv,"(21, 352, 0, 0)",30
296,inception4a.branch2.0.conv,"(32, 159, 0, 0)",30
297,inception4a.branch2.0.conv,"(82, 287, 0, 0)",30
298,inception4a.branch2.0.conv,"(71, 7, 0, 0)",30
299,inception4a.branch2.0.conv,"(9, 74, 0, 0)",30
300,inception4a.branch2.1.conv,"(134, 13, 2, 2)",30
301,inception4a.branch2.1.conv,"(29, 84, 0, 2)",30
302,inception4a.branch2.1.conv,"(191, 13, 2, 1)",30
303,inception4a.branch2.1.conv,"(58, 53, 1, 0)",30
304,inception4a.branch2.1.conv,"(8, 30, 1, 0)",30
305,inception4a.branch2.1.conv,"(46, 91, 2, 0)",30
306,inception4a.branch2.1.conv,"(16, 73, 1, 1)",30
307,inception4a.branch2.1.conv,"(95, 84, 1, 1)",30
308,inception4a.branch2.1.conv,"(169, 23, 2, 2)",30
309,inception4a.branch2.1.conv,"(121, 72, 2, 2)",30
310,inception4a.branch2.1.conv,"(206, 38, 2, 0)",30
311,inception4a.branch2.1.conv,"(146, 22, 0, 1)",30
312,inception4a.branch2.1.conv,"(6, 63, 0, 2)",30
313,inception4a.branch2.1.conv,"(121, 28, 0, 1)",30
314,inception4a.branch2.1.conv,"(188, 43, 2, 0)",30
315,inception4a.branch2.1.conv,"(103, 90, 0, 2)",30
316,inception4a.branch2.1.conv,"(34, 73, 2, 1)",30
317,inception4a.branch2.1.conv,"(75, 60, 0, 2)",30
318,inception4a.branch2.1.conv,"(161, 45, 2, 0)",30
319,inception4a.branch2.1.conv,"(10, 72, 1, 2)",30
320,inception4a.branch3.0.conv,"(3, 385, 0, 0)",30
321,inception4a.branch3.0.conv,"(4, 61, 0, 0)",30
322,inception4a.branch3.0.conv,"(12, 477, 0, 0)",30
323,inception4a.branch3.0.conv,"(0, 344, 0, 0)",30
324,inception4a.branch3.0.conv,"(0, 237, 0, 0)",30
325,inception4a.branch3.0.conv,"(6, 388, 0, 0)",30
326,inception4a.branch3.0.conv,"(14, 1, 0, 0)",30
327,inception4a.branch3.0.conv,"(9, 411, 0, 0)",30
328,inception4a.branch3.0.conv,"(9, 155, 0, 0)",30
329,inception4a.branch3.0.conv,"(0, 239, 0, 0)",30
330,inception4a.branch3.0.conv,"(6, 71, 0, 0)",30
331,inception4a.branch3.0.conv,"(13, 397, 0, 0)",30
332,inception4a.branch3.0.conv,"(13, 228, 0, 0)",30
333,inception4a.branch3.0.conv,"(5, 70, 0, 0)",30
334,inception4a.branch3.0.conv,"(12, 90, 0, 0)",30
335,inception4a.branch3.0.conv,"(4, 216, 0, 0)",30
336,inception4a.branch3.0.conv,"(11, 213, 0, 0)",30
337,inception4a.branch3.0.conv,"(2, 407, 0, 0)",30
338,inception4a.branch3.0.conv,"(3, 287, 0, 0)",30
339,inception4a.branch3.0.conv,"(5, 478, 0, 0)",30
340,inception4a.branch3.1.conv,"(42, 2, 2, 0)",30
341,inception4a.branch3.1.conv,"(31, 7, 0, 2)",30
342,inception4a.branch3.1.conv,"(31, 5, 1, 2)",30
343,inception4a.branch3.1.conv,"(40, 14, 1, 1)",30
344,inception4a.branch3.1.conv,"(14, 1, 0, 1)",30
345,inception4a.branch3.1.conv,"(26, 7, 0, 0)",30
346,inception4a.branch3.1.conv,"(44, 8, 2, 0)",30
347,inception4a.branch3.1.conv,"(4, 5, 1, 2)",30
348,inception4a.branch3.1.conv,"(38, 7, 0, 1)",30
349,inception4a.branch3.1.conv,"(33, 2, 1, 0)",30
350,inception4a.branch3.1.conv,"(1, 0, 0, 2)",30
351,inception4a.branch3.1.conv,"(24, 9, 1, 0)",30
352,inception4a.branch3.1.conv,"(29, 6, 2, 0)",30
353,inception4a.branch3.1.conv,"(10, 4, 0, 1)",30
354,inception4a.branch3.1.conv,"(3, 6, 1, 2)",30
355,inception4a.branch3.1.conv,"(14, 6, 1, 1)",30
356,inception4a.branch3.1.conv,"(8, 13, 1, 2)",30
357,inception4a.branch3.1.conv,"(5, 14, 2, 1)",30
358,inception4a.branch3.1.conv,"(0, 7, 0, 1)",30
359,inception4a.branch3.1.conv,"(35, 13, 1, 1)",30
360,inception4a.branch4.1.conv,"(40, 333, 0, 0)",30
361,inception4a.branch4.1.conv,"(63, 100, 0, 0)",30
362,inception4a.branch4.1.conv,"(27, 296, 0, 0)",30
363,inception4a.branch4.1.conv,"(4, 261, 0, 0)",30
364,inception4a.branch4.1.conv,"(48, 391, 0, 0)",30
365,inception4a.branch4.1.conv,"(32, 471, 0, 0)",30
366,inception4a.branch4.1.conv,"(38, 267, 0, 0)",30
367,inception4a.branch4.1.conv,"(23, 479, 0, 0)",30
368,inception4a.branch4.1.conv,"(10, 117, 0, 0)",30
369,inception4a.branch4.1.conv,"(11, 467, 0, 0)",30
370,inception4a.branch4.1.conv,"(54, 467, 0, 0)",30
371,inception4a.branch4.1.conv,"(25, 146, 0, 0)",30
372,inception4a.branch4.1.conv,"(11, 32, 0, 0)",30
373,inception4a.branch4.1.conv,"(6, 231, 0, 0)",30
374,inception4a.branch4.1.conv,"(10, 250, 0, 0)",30
375,inception4a.branch4.1.conv,"(31, 216, 0, 0)",30
376,inception4a.branch4.1.conv,"(62, 464, 0, 0)",30
377,inception4a.branch4.1.conv,"(32, 305, 0, 0)",30
378,inception4a.branch4.1.conv,"(62, 356, 0, 0)",30
379,inception4a.branch4.1.conv,"(55, 20, 0, 0)",30
380,inception4b.branch1.conv,"(57, 489, 0, 0)",30
381,inception4b.branch1.conv,"(125, 498, 0, 0)",30
382,inception4b.branch1.conv,"(98, 278, 0, 0)",30
383,inception4b.branch1.conv,"(33, 489, 0, 0)",30
384,inception4b.branch1.conv,"(99, 377, 0, 0)",30
385,inception4b.branch1.conv,"(45, 479, 0, 0)",30
386,inception4b.branch1.conv,"(58, 115, 0, 0)",30
387,inception4b.branch1.conv,"(26, 361, 0, 0)",30
388,inception4b.branch1.conv,"(124, 361, 0, 0)",30
389,inception4b.branch1.conv,"(67, 397, 0, 0)",30
390,inception4b.branch1.conv,"(29, 107, 0, 0)",30
391,inception4b.branch1.conv,"(79, 64, 0, 0)",30
392,inception4b.branch1.conv,"(16, 417, 0, 0)",30
393,inception4b.branch1.conv,"(28, 428, 0, 0)",30
394,inception4b.branch1.conv,"(54, 420, 0, 0)",30
395,inception4b.branch1.conv,"(158, 478, 0, 0)",30
396,inception4b.branch1.conv,"(12, 132, 0, 0)",30
397,inception4b.branch1.conv,"(34, 251, 0, 0)",30
398,inception4b.branch1.conv,"(106, 420, 0, 0)",30
399,inception4b.branch1.conv,"(7, 461, 0, 0)",30
400,inception4b.branch2.0.conv,"(9, 59, 0, 0)",30
401,inception4b.branch2.0.conv,"(13, 21, 0, 0)",30
402,inception4b.branch2.0.conv,"(73, 380, 0, 0)",30
403,inception4b.branch2.0.conv,"(40, 235, 0, 0)",30
404,inception4b.branch2.0.conv,"(13, 450, 0, 0)",30
405,inception4b.branch2.0.conv,"(20, 162, 0, 0)",30
406,inception4b.branch2.0.conv,"(52, 488, 0, 0)",30
407,inception4b.branch2.0.conv,"(72, 282, 0, 0)",30
408,inception4b.branch2.0.conv,"(21, 471, 0, 0)",30
409,inception4b.branch2.0.conv,"(73, 94, 0, 0)",30
410,inception4b.branch2.0.conv,"(67, 506, 0, 0)",30
411,inception4b.branch2.0.conv,"(56, 186, 0, 0)",30
412,inception4b.branch2.0.conv,"(69, 216, 0, 0)",30
413,inception4b.branch2.0.conv,"(12, 178, 0, 0)",30
414,inception4b.branch2.0.conv,"(3, 472, 0, 0)",30
415,inception4b.branch2.0.conv,"(0, 137, 0, 0)",30
416,inception4b.branch2.0.conv,"(75, 444, 0, 0)",30
417,inception4b.branch2.0.conv,"(49, 314, 0, 0)",30
418,inception4b.branch2.0.conv,"(7, 123, 0, 0)",30
419,inception4b.branch2.0.conv,"(58, 400, 0, 0)",30
420,inception4b.branch2.1.conv,"(159, 95, 2, 1)",30
421,inception4b.branch2.1.conv,"(84, 85, 0, 1)",30
422,inception4b.branch2.1.conv,"(98, 110, 2, 0)",30
423,inception4b.branch2.1.conv,"(222, 31, 2, 1)",30
424,inception4b.branch2.1.conv,"(92, 102, 1, 0)",30
425,inception4b.branch2.1.conv,"(188, 93, 1, 1)",30
426,inception4b.branch2.1.conv,"(161, 26, 1, 2)",30
427,inception4b.branch2.1.conv,"(102, 84, 0, 2)",30
428,inception4b.branch2.1.conv,"(2, 48, 0, 1)",30
429,inception4b.branch2.1.conv,"(49, 13, 2, 0)",30
430,inception4b.branch2.1.conv,"(118, 42, 1, 0)",30
431,inception4b.branch2.1.conv,"(7, 42, 0, 1)",30
432,inception4b.branch2.1.conv,"(159, 97, 2, 1)",30
433,inception4b.branch2.1.conv,"(102, 64, 1, 0)",30
434,inception4b.branch2.1.conv,"(162, 102, 0, 2)",30
435,inception4b.branch2.1.conv,"(136, 99, 2, 1)",30
436,inception4b.branch2.1.conv,"(90, 78, 1, 1)",30
437,inception4b.branch2.1.conv,"(201, 39, 0, 2)",30
438,inception4b.branch2.1.conv,"(110, 94, 1, 2)",30
439,inception4b.branch2.1.conv,"(5, 20, 0, 0)",30
440,inception4b.branch3.0.conv,"(4, 263, 0, 0)",30
441,inception4b.branch3.0.conv,"(15, 392, 0, 0)",30
442,inception4b.branch3.0.conv,"(6, 268, 0, 0)",30
443,inception4b.branch3.0.conv,"(17, 494, 0, 0)",30
444,inception4b.branch3.0.conv,"(18, 261, 0, 0)",30
445,inception4b.branch3.0.conv,"(18, 183, 0, 0)",30
446,inception4b.branch3.0.conv,"(17, 91, 0, 0)",30
447,inception4b.branch3.0.conv,"(14, 139, 0, 0)",30
448,inception4b.branch3.0.conv,"(8, 323, 0, 0)",30
449,inception4b.branch3.0.conv,"(19, 131, 0, 0)",30
450,inception4b.branch3.0.conv,"(6, 336, 0, 0)",30
451,inception4b.branch3.0.conv,"(8, 281, 0, 0)",30
452,inception4b.branch3.0.conv,"(16, 324, 0, 0)",30
453,inception4b.branch3.0.conv,"(12, 244, 0, 0)",30
454,inception4b.branch3.0.conv,"(6, 197, 0, 0)",30
455,inception4b.branch3.0.conv,"(17, 11, 0, 0)",30
456,inception4b.branch3.0.conv,"(7, 377, 0, 0)",30
457,inception4b.branch3.0.conv,"(9, 25, 0, 0)",30
458,inception4b.branch3.0.conv,"(4, 26, 0, 0)",30
459,inception4b.branch3.0.conv,"(9, 114, 0, 0)",30
460,inception4b.branch3.1.conv,"(7, 22, 1, 2)",30
461,inception4b.branch3.1.conv,"(56, 13, 0, 1)",30
462,inception4b.branch3.1.conv,"(61, 7, 0, 1)",30
463,inception4b.branch3.1.conv,"(17, 9, 1, 1)",30
464,inception4b.branch3.1.conv,"(28, 5, 0, 1)",30
465,inception4b.branch3.1.conv,"(57, 18, 1, 0)",30
466,inception4b.branch3.1.conv,"(1, 4, 0, 1)",30
467,inception4b.branch3.1.conv,"(63, 3, 2, 1)",30
468,inception4b.branch3.1.conv,"(46, 15, 1, 1)",30
469,inception4b.branch3.1.conv,"(26, 14, 2, 1)",30
470,inception4b.branch3.1.conv,"(31, 16, 2, 0)",30
471,inception4b.branch3.1.conv,"(39, 1, 0, 2)",30
472,inception4b.branch3.1.conv,"(12, 19, 0, 1)",30
473,inception4b.branch3.1.conv,"(6, 10, 1, 2)",30
474,inception4b.branch3.1.conv,"(41, 20, 0, 1)",30
475,inception4b.branch3.1.conv,"(61, 6, 1, 0)",30
476,inception4b.branch3.1.conv,"(2, 18, 0, 2)",30
477,inception4b.branch3.1.conv,"(5, 2, 1, 2)",30
478,inception4b.branch3.1.conv,"(41, 12, 0, 2)",30
479,inception4b.branch3.1.conv,"(3, 22, 0, 0)",30
480,inception4b.branch4.1.conv,"(50, 191, 0, 0)",30
481,inception4b.branch4.1.conv,"(21, 487, 0, 0)",30
482,inception4b.branch4.1.conv,"(15, 152, 0, 0)",30
483,inception4b.branch4.1.conv,"(30, 398, 0, 0)",30
484,inception4b.branch4.1.conv,"(27, 501, 0, 0)",30
485,inception4b.branch4.1.conv,"(6, 277, 0, 0)",30
486,inception4b.branch4.1.conv,"(47, 234, 0, 0)",30
487,inception4b.branch4.1.conv,"(6, 1, 0, 0)",30
488,inception4b.branch4.1.conv,"(62, 36, 0, 0)",30
489,inception4b.branch4.1.conv,"(57, 74, 0, 0)",30
490,inception4b.branch4.1.conv,"(1, 341, 0, 0)",30
491,inception4b.branch4.1.conv,"(2, 52, 0, 0)",30
492,inception4b.branch4.1.conv,"(15, 451, 0, 0)",30
493,inception4b.branch4.1.conv,"(42, 108, 0, 0)",30
494,inception4b.branch4.1.conv,"(51, 297, 0, 0)",30
495,inception4b.branch4.1.conv,"(22, 458, 0, 0)",30
496,inception4b.branch4.1.conv,"(50, 421, 0, 0)",30
497,inception4b.branch4.1.conv,"(44, 182, 0, 0)",30
498,inception4b.branch4.1.conv,"(62, 131, 0, 0)",30
499,inception4b.branch4.1.conv,"(9, 251, 0, 0)",30
500,inception4c.branch1.conv,"(7, 487, 0, 0)",30
501,inception4c.branch1.conv,"(105, 437, 0, 0)",30
502,inception4c.branch1.conv,"(34, 476, 0, 0)",30
503,inception4c.branch1.conv,"(79, 173, 0, 0)",30
504,inception4c.branch1.conv,"(15, 169, 0, 0)",30
505,inception4c.branch1.conv,"(111, 248, 0, 0)",30
506,inception4c.branch1.conv,"(62, 507, 0, 0)",30
507,inception4c.branch1.conv,"(105, 238, 0, 0)",30
508,inception4c.branch1.conv,"(33, 153, 0, 0)",30
509,inception4c.branch1.conv,"(125, 425, 0, 0)",30
510,inception4c.branch1.conv,"(98, 362, 0, 0)",30
511,inception4c.branch1.conv,"(61, 85, 0, 0)",30
512,inception4c.branch1.conv,"(59, 153, 0, 0)",30
513,inception4c.branch1.conv,"(75, 60, 0, 0)",30
514,inception4c.branch1.conv,"(122, 169, 0, 0)",30
515,inception4c.branch1.conv,"(27, 164, 0, 0)",30
516,inception4c.branch1.conv,"(25, 199, 0, 0)",30
517,inception4c.branch1.conv,"(69, 180, 0, 0)",30
518,inception4c.branch1.conv,"(118, 300, 0, 0)",30
519,inception4c.branch1.conv,"(71, 153, 0, 0)",30
520,inception4c.branch2.0.conv,"(46, 465, 0, 0)",30
521,inception4c.branch2.0.conv,"(79, 245, 0, 0)",30
522,inception4c.branch2.0.conv,"(8, 320, 0, 0)",30
523,inception4c.branch2.0.conv,"(65, 180, 0, 0)",30
524,inception4c.branch2.0.conv,"(92, 136, 0, 0)",30
525,inception4c.branch2.0.conv,"(111, 442, 0, 0)",30
526,inception4c.branch2.0.conv,"(124, 25, 0, 0)",30
527,inception4c.branch2.0.conv,"(90, 407, 0, 0)",30
528,inception4c.branch2.0.conv,"(65, 377, 0, 0)",30
529,inception4c.branch2.0.conv,"(62, 312, 0, 0)",30
530,inception4c.branch2.0.conv,"(96, 16, 0, 0)",30
531,inception4c.branch2.0.conv,"(50, 110, 0, 0)",30
532,inception4c.branch2.0.conv,"(16, 333, 0, 0)",30
533,inception4c.branch2.0.conv,"(86, 294, 0, 0)",30
534,inception4c.branch2.0.conv,"(79, 25, 0, 0)",30
535,inception4c.branch2.0.conv,"(121, 431, 0, 0)",30
536,inception4c.branch2.0.conv,"(2, 435, 0, 0)",30
537,inception4c.branch2.0.conv,"(119, 402, 0, 0)",30
538,inception4c.branch2.0.conv,"(82, 333, 0, 0)",30
539,inception4c.branch2.0.conv,"(41, 329, 0, 0)",30
540,inception4c.branch2.1.conv,"(98, 99, 0, 2)",30
541,inception4c.branch2.1.conv,"(228, 24, 2, 2)",30
542,inception4c.branch2.1.conv,"(127, 122, 1, 1)",30
543,inception4c.branch2.1.conv,"(41, 98, 2, 0)",30
544,inception4c.branch2.1.conv,"(229, 1, 2, 1)",30
545,inception4c.branch2.1.conv,"(86, 114, 0, 2)",30
546,inception4c.branch2.1.conv,"(91, 105, 0, 0)",30
547,inception4c.branch2.1.conv,"(34, 118, 0, 0)",30
548,inception4c.branch2.1.conv,"(224, 92, 1, 2)",30
549,inception4c.branch2.1.conv,"(182, 111, 2, 0)",30
550,inception4c.branch2.1.conv,"(187, 98, 1, 0)",30
551,inception4c.branch2.1.conv,"(149, 127, 0, 1)",30
552,inception4c.branch2.1.conv,"(249, 11, 2, 0)",30
553,inception4c.branch2.1.conv,"(136, 93, 2, 2)",30
554,inception4c.branch2.1.conv,"(130, 97, 0, 1)",30
555,inception4c.branch2.1.conv,"(196, 123, 0, 2)",30
556,inception4c.branch2.1.conv,"(35, 22, 1, 2)",30
557,inception4c.branch2.1.conv,"(134, 30, 0, 0)",30
558,inception4c.branch2.1.conv,"(218, 18, 2, 0)",30
559,inception4c.branch2.1.conv,"(143, 38, 1, 2)",30
560,inception4c.branch3.0.conv,"(5, 399, 0, 0)",30
561,inception4c.branch3.0.conv,"(0, 475, 0, 0)",30
562,inception4c.branch3.0.conv,"(0, 429, 0, 0)",30
563,inception4c.branch3.0.conv,"(9, 57, 0, 0)",30
564,inception4c.branch3.0.conv,"(1, 39, 0, 0)",30
565,inception4c.branch3.0.conv,"(2, 223, 0, 0)",30
566,inception4c.branch3.0.conv,"(11, 18, 0, 0)",30
567,inception4c.branch3.0.conv,"(19, 115, 0, 0)",30
568,inception4c.branch3.0.conv,"(17, 78, 0, 0)",30
569,inception4c.branch3.0.conv,"(18, 478, 0, 0)",30
570,inception4c.branch3.0.conv,"(12, 416, 0, 0)",30
571,inception4c.branch3.0.conv,"(13, 218, 0, 0)",30
572,inception4c.branch3.0.conv,"(4, 316, 0, 0)",30
573,inception4c.branch3.0.conv,"(8, 229, 0, 0)",30
574,inception4c.branch3.0.conv,"(15, 429, 0, 0)",30
575,inception4c.branch3.0.conv,"(23, 386, 0, 0)",30
576,inception4c.branch3.0.conv,"(16, 120, 0, 0)",30
577,inception4c.branch3.0.conv,"(0, 347, 0, 0)",30
578,inception4c.branch3.0.conv,"(19, 454, 0, 0)",30
579,inception4c.branch3.0.conv,"(3, 344, 0, 0)",30
580,inception4c.branch3.1.conv,"(61, 15, 1, 0)",30
581,inception4c.branch3.1.conv,"(16, 11, 2, 1)",30
582,inception4c.branch3.1.conv,"(11, 16, 2, 1)",30
583,inception4c.branch3.1.conv,"(41, 13, 2, 0)",30
584,inception4c.branch3.1.conv,"(17, 23, 1, 1)",30
585,inception4c.branch3.1.conv,"(46, 19, 0, 1)",30
586,inception4c.branch3.1.conv,"(42, 5, 1, 1)",30
587,inception4c.branch3.1.conv,"(0, 22, 0, 1)",30
588,inception4c.branch3.1.conv,"(48, 11, 2, 0)",30
589,inception4c.branch3.1.conv,"(57, 7, 1, 1)",30
590,inception4c.branch3.1.conv,"(46, 12, 0, 1)",30
591,inception4c.branch3.1.conv,"(63, 15, 2, 0)",30
592,inception4c.branch3.1.conv,"(25, 19, 1, 0)",30
593,inception4c.branch3.1.conv,"(60, 14, 0, 1)",30
594,inception4c.branch3.1.conv,"(47, 12, 1, 0)",30
595,inception4c.branch3.1.conv,"(28, 7, 2, 2)",30
596,inception4c.branch3.1.conv,"(36, 16, 1, 2)",30
597,inception4c.branch3.1.conv,"(59, 23, 1, 2)",30
598,inception4c.branch3.1.conv,"(53, 12, 1, 0)",30
599,inception4c.branch3.1.conv,"(30, 5, 0, 1)",30
600,inception4c.branch4.1.conv,"(9, 304, 0, 0)",30
601,inception4c.branch4.1.conv,"(59, 498, 0, 0)",30
602,inception4c.branch4.1.conv,"(41, 1, 0, 0)",30
603,inception4c.branch4.1.conv,"(57, 238, 0, 0)",30
604,inception4c.branch4.1.conv,"(45, 487, 0, 0)",30
605,inception4c.branch4.1.conv,"(8, 386, 0, 0)",30
606,inception4c.branch4.1.conv,"(22, 315, 0, 0)",30
607,inception4c.branch4.1.conv,"(34, 433, 0, 0)",30
608,inception4c.branch4.1.conv,"(60, 177, 0, 0)",30
609,inception4c.branch4.1.conv,"(22, 213, 0, 0)",30
610,inception4c.branch4.1.conv,"(44, 378, 0, 0)",30
611,inception4c.branch4.1.conv,"(1, 499, 0, 0)",30
612,inception4c.branch4.1.conv,"(40, 483, 0, 0)",30
613,inception4c.branch4.1.conv,"(24, 45, 0, 0)",30
614,inception4c.branch4.1.conv,"(53, 281, 0, 0)",30
615,inception4c.branch4.1.conv,"(57, 259, 0, 0)",30
616,inception4c.branch4.1.conv,"(40, 239, 0, 0)",30
617,inception4c.branch4.1.conv,"(14, 224, 0, 0)",30
618,inception4c.branch4.1.conv,"(19, 70, 0, 0)",30
619,inception4c.branch4.1.conv,"(15, 300, 0, 0)",30
620,inception4d.branch1.conv,"(75, 37, 0, 0)",30
621,inception4d.branch1.conv,"(84, 413, 0, 0)",30
622,inception4d.branch1.conv,"(30, 467, 0, 0)",30
623,inception4d.branch1.conv,"(64, 270, 0, 0)",30
624,inception4d.branch1.conv,"(18, 71, 0, 0)",30
625,inception4d.branch1.conv,"(68, 35, 0, 0)",30
626,inception4d.branch1.conv,"(51, 364, 0, 0)",30
627,inception4d.branch1.conv,"(111, 423, 0, 0)",30
628,inception4d.branch1.conv,"(109, 425, 0, 0)",30
629,inception4d.branch1.conv,"(65, 358, 0, 0)",30
630,inception4d.branch1.conv,"(90, 456, 0, 0)",30
631,inception4d.branch1.conv,"(99, 235, 0, 0)",30
632,inception4d.branch1.conv,"(42, 248, 0, 0)",30
633,inception4d.branch1.conv,"(28, 179, 0, 0)",30
634,inception4d.branch1.conv,"(60, 154, 0, 0)",30
635,inception4d.branch1.conv,"(32, 0, 0, 0)",30
636,inception4d.branch1.conv,"(39, 370, 0, 0)",30
637,inception4d.branch1.conv,"(26, 503, 0, 0)",30
638,inception4d.branch1.conv,"(60, 395, 0, 0)",30
639,inception4d.branch1.conv,"(107, 398, 0, 0)",30
640,inception4d.branch2.0.conv,"(118, 286, 0, 0)",30
641,inception4d.branch2.0.conv,"(19, 306, 0, 0)",30
642,inception4d.branch2.0.conv,"(135, 287, 0, 0)",30
643,inception4d.branch2.0.conv,"(11, 479, 0, 0)",30
644,inception4d.branch2.0.conv,"(54, 129, 0, 0)",30
645,inception4d.branch2.0.conv,"(72, 243, 0, 0)",30
646,inception4d.branch2.0.conv,"(49, 139, 0, 0)",30
647,inception4d.branch2.0.conv,"(140, 225, 0, 0)",30
648,inception4d.branch2.0.conv,"(106, 468, 0, 0)",30
649,inception4d.branch2.0.conv,"(6, 241, 0, 0)",30
650,inception4d.branch2.0.conv,"(34, 130, 0, 0)",30
651,inception4d.branch2.0.conv,"(104, 219, 0, 0)",30
652,inception4d.branch2.0.conv,"(71, 321, 0, 0)",30
653,inception4d.branch2.0.conv,"(65, 193, 0, 0)",30
654,inception4d.branch2.0.conv,"(127, 90, 0, 0)",30
655,inception4d.branch2.0.conv,"(133, 500, 0, 0)",30
656,inception4d.branch2.0.conv,"(80, 202, 0, 0)",30
657,inception4d.branch2.0.conv,"(43, 508, 0, 0)",30
658,inception4d.branch2.0.conv,"(55, 59, 0, 0)",30
659,inception4d.branch2.0.conv,"(66, 76, 0, 0)",30
660,inception4d.branch2.1.conv,"(144, 107, 1, 0)",30
661,inception4d.branch2.1.conv,"(206, 104, 0, 2)",30
662,inception4d.branch2.1.conv,"(215, 70, 2, 2)",30
663,inception4d.branch2.1.conv,"(251, 20, 1, 0)",30
664,inception4d.branch2.1.conv,"(29, 40, 2, 1)",30
665,inception4d.branch2.1.conv,"(260, 37, 1, 2)",30
666,inception4d.branch2.1.conv,"(230, 121, 0, 1)",30
667,inception4d.branch2.1.conv,"(100, 143, 0, 1)",30
668,inception4d.branch2.1.conv,"(120, 76, 1, 1)",30
669,inception4d.branch2.1.conv,"(107, 76, 0, 1)",30
670,inception4d.branch2.1.conv,"(14, 61, 2, 0)",30
671,inception4d.branch2.1.conv,"(283, 118, 0, 1)",30
672,inception4d.branch2.1.conv,"(1, 98, 0, 2)",30
673,inception4d.branch2.1.conv,"(3, 8, 1, 2)",30
674,inception4d.branch2.1.conv,"(118, 38, 1, 0)",30
675,inception4d.branch2.1.conv,"(278, 70, 2, 1)",30
676,inception4d.branch2.1.conv,"(240, 73, 1, 2)",30
677,inception4d.branch2.1.conv,"(20, 4, 0, 1)",30
678,inception4d.branch2.1.conv,"(200, 98, 0, 0)",30
679,inception4d.branch2.1.conv,"(91, 40, 1, 1)",30
680,inception4d.branch3.0.conv,"(5, 38, 0, 0)",30
681,inception4d.branch3.0.conv,"(9, 409, 0, 0)",30
682,inception4d.branch3.0.conv,"(20, 469, 0, 0)",30
683,inception4d.branch3.0.conv,"(2, 393, 0, 0)",30
684,inception4d.branch3.0.conv,"(6, 58, 0, 0)",30
685,inception4d.branch3.0.conv,"(1, 9, 0, 0)",30
686,inception4d.branch3.0.conv,"(18, 310, 0, 0)",30
687,inception4d.branch3.0.conv,"(31, 138, 0, 0)",30
688,inception4d.branch3.0.conv,"(25, 216, 0, 0)",30
689,inception4d.branch3.0.conv,"(30, 10, 0, 0)",30
690,inception4d.branch3.0.conv,"(23, 31, 0, 0)",30
691,inception4d.branch3.0.conv,"(15, 70, 0, 0)",30
692,inception4d.branch3.0.conv,"(5, 426, 0, 0)",30
693,inception4d.branch3.0.conv,"(29, 391, 0, 0)",30
694,inception4d.branch3.0.conv,"(18, 50, 0, 0)",30
695,inception4d.branch3.0.conv,"(17, 256, 0, 0)",30
696,inception4d.branch3.0.conv,"(25, 442, 0, 0)",30
697,inception4d.branch3.0.conv,"(27, 106, 0, 0)",30
698,inception4d.branch3.0.conv,"(7, 0, 0, 0)",30
699,inception4d.branch3.0.conv,"(12, 93, 0, 0)",30
700,inception4d.branch3.1.conv,"(42, 24, 2, 1)",30
701,inception4d.branch3.1.conv,"(16, 26, 2, 2)",30
702,inception4d.branch3.1.conv,"(59, 16, 2, 1)",30
703,inception4d.branch3.1.conv,"(22, 4, 2, 0)",30
704,inception4d.branch3.1.conv,"(49, 22, 2, 0)",30
705,inception4d.branch3.1.conv,"(39, 10, 2, 0)",30
706,inception4d.branch3.1.conv,"(33, 31, 0, 1)",30
707,inception4d.branch3.1.conv,"(63, 0, 1, 0)",30
708,inception4d.branch3.1.conv,"(34, 25, 2, 2)",30
709,inception4d.branch3.1.conv,"(44, 12, 2, 2)",30
710,inception4d.branch3.1.conv,"(22, 17, 0, 2)",30
711,inception4d.branch3.1.conv,"(28, 13, 1, 0)",30
712,inception4d.branch3.1.conv,"(43, 15, 2, 1)",30
713,inception4d.branch3.1.conv,"(50, 8, 1, 2)",30
714,inception4d.branch3.1.conv,"(1, 18, 1, 0)",30
715,inception4d.branch3.1.conv,"(35, 10, 1, 1)",30
716,inception4d.branch3.1.conv,"(25, 28, 2, 0)",30
717,inception4d.branch3.1.conv,"(45, 20, 1, 1)",30
718,inception4d.branch3.1.conv,"(23, 31, 0, 2)",30
719,inception4d.branch3.1.conv,"(29, 19, 0, 2)",30
720,inception4d.branch4.1.conv,"(16, 75, 0, 0)",30
721,inception4d.branch4.1.conv,"(13, 160, 0, 0)",30
722,inception4d.branch4.1.conv,"(28, 389, 0, 0)",30
723,inception4d.branch4.1.conv,"(11, 277, 0, 0)",30
724,inception4d.branch4.1.conv,"(5, 177, 0, 0)",30
725,inception4d.branch4.1.conv,"(32, 376, 0, 0)",30
726,inception4d.branch4.1.conv,"(18, 24, 0, 0)",30
727,inception4d.branch4.1.conv,"(27, 375, 0, 0)",30
728,inception4d.branch4.1.conv,"(45, 465, 0, 0)",30
729,inception4d.branch4.1.conv,"(20, 441, 0, 0)",30
730,inception4d.branch4.1.conv,"(14, 442, 0, 0)",30
731,inception4d.branch4.1.conv,"(35, 85, 0, 0)",30
732,inception4d.branch4.1.conv,"(12, 459, 0, 0)",30
733,inception4d.branch4.1.conv,"(1, 372, 0, 0)",30
734,inception4d.branch4.1.conv,"(12, 183, 0, 0)",30
735,inception4d.branch4.1.conv,"(12, 300, 0, 0)",30
736,inception4d.branch4.1.conv,"(25, 176, 0, 0)",30
737,inception4d.branch4.1.conv,"(1, 399, 0, 0)",30
738,inception4d.branch4.1.conv,"(56, 459, 0, 0)",30
739,inception4d.branch4.1.conv,"(29, 271, 0, 0)",30
740,inception4e.branch1.conv,"(92, 520, 0, 0)",30
741,inception4e.branch1.conv,"(11, 140, 0, 0)",30
742,inception4e.branch1.conv,"(85, 477, 0, 0)",30
743,inception4e.branch1.conv,"(224, 347, 0, 0)",30
744,inception4e.branch1.conv,"(174, 32, 0, 0)",30
745,inception4e.branch1.conv,"(144, 430, 0, 0)",30
746,inception4e.branch1.conv,"(111, 12, 0, 0)",30
747,inception4e.branch1.conv,"(228, 398, 0, 0)",30
748,inception4e.branch1.conv,"(119, 1, 0, 0)",30
749,inception4e.branch1.conv,"(231, 412, 0, 0)",30
750,inception4e.branch1.conv,"(155, 302, 0, 0)",30
751,inception4e.branch1.conv,"(78, 151, 0, 0)",30
752,inception4e.branch1.conv,"(185, 126, 0, 0)",30
753,inception4e.branch1.conv,"(134, 195, 0, 0)",30
754,inception4e.branch1.conv,"(193, 286, 0, 0)",30
755,inception4e.branch1.conv,"(240, 29, 0, 0)",30
756,inception4e.branch1.conv,"(184, 393, 0, 0)",30
757,inception4e.branch1.conv,"(202, 475, 0, 0)",30
758,inception4e.branch1.conv,"(170, 441, 0, 0)",30
759,inception4e.branch1.conv,"(83, 470, 0, 0)",30
760,inception4e.branch2.0.conv,"(68, 503, 0, 0)",30
761,inception4e.branch2.0.conv,"(41, 79, 0, 0)",30
762,inception4e.branch2.0.conv,"(81, 201, 0, 0)",30
763,inception4e.branch2.0.conv,"(91, 190, 0, 0)",30
764,inception4e.branch2.0.conv,"(99, 384, 0, 0)",30
765,inception4e.branch2.0.conv,"(73, 216, 0, 0)",30
766,inception4e.branch2.0.conv,"(90, 452, 0, 0)",30
767,inception4e.branch2.0.conv,"(15, 212, 0, 0)",30
768,inception4e.branch2.0.conv,"(110, 80, 0, 0)",30
769,inception4e.branch2.0.conv,"(79, 34, 0, 0)",30
770,inception4e.branch2.0.conv,"(4, 519, 0, 0)",30
771,inception4e.branch2.0.conv,"(129, 306, 0, 0)",30
772,inception4e.branch2.0.conv,"(39, 360, 0, 0)",30
773,inception4e.branch2.0.conv,"(47, 247, 0, 0)",30
774,inception4e.branch2.0.conv,"(133, 297, 0, 0)",30
775,inception4e.branch2.0.conv,"(159, 198, 0, 0)",30
776,inception4e.branch2.0.conv,"(14, 77, 0, 0)",30
777,inception4e.branch2.0.conv,"(9, 390, 0, 0)",30
778,inception4e.branch2.0.conv,"(27, 319, 0, 0)",30
779,inception4e.branch2.0.conv,"(139, 259, 0, 0)",30
780,inception4e.branch2.1.conv,"(311, 139, 1, 0)",30
781,inception4e.branch2.1.conv,"(311, 31, 0, 2)",30
782,inception4e.branch2.1.conv,"(51, 37, 1, 1)",30
783,inception4e.branch2.1.conv,"(21, 135, 2, 0)",30
784,inception4e.branch2.1.conv,"(16, 144, 0, 0)",30
785,inception4e.branch2.1.conv,"(310, 44, 1, 0)",30
786,inception4e.branch2.1.conv,"(105, 28, 1, 1)",30
787,inception4e.branch2.1.conv,"(283, 40, 2, 1)",30
788,inception4e.branch2.1.conv,"(261, 40, 0, 1)",30
789,inception4e.branch2.1.conv,"(180, 81, 1, 2)",30
790,inception4e.branch2.1.conv,"(47, 27, 0, 2)",30
791,inception4e.branch2.1.conv,"(91, 67, 0, 1)",30
792,inception4e.branch2.1.conv,"(170, 126, 1, 1)",30
793,inception4e.branch2.1.conv,"(282, 2, 2, 2)",30
794,inception4e.branch2.1.conv,"(253, 145, 0, 0)",30
795,inception4e.branch2.1.conv,"(316, 139, 0, 2)",30
796,inception4e.branch2.1.conv,"(173, 70, 0, 0)",30
797,inception4e.branch2.1.conv,"(227, 124, 1, 0)",30
798,inception4e.branch2.1.conv,"(86, 85, 2, 0)",30
799,inception4e.branch2.1.conv,"(5, 38, 2, 2)",30
800,inception4e.branch3.0.conv,"(21, 137, 0, 0)",30
801,inception4e.branch3.0.conv,"(14, 504, 0, 0)",30
802,inception4e.branch3.0.conv,"(2, 23, 0, 0)",30
803,inception4e.branch3.0.conv,"(17, 512, 0, 0)",30
804,inception4e.branch3.0.conv,"(16, 396, 0, 0)",30
805,inception4e.branch3.0.conv,"(6, 527, 0, 0)",30
806,inception4e.branch3.0.conv,"(16, 191, 0, 0)",30
807,inception4e.branch3.0.conv,"(16, 292, 0, 0)",30
808,inception4e.branch3.0.conv,"(21, 374, 0, 0)",30
809,inception4e.branch3.0.conv,"(4, 107, 0, 0)",30
810,inception4e.branch3.0.conv,"(25, 403, 0, 0)",30
811,inception4e.branch3.0.conv,"(6, 232, 0, 0)",30
812,inception4e.branch3.0.conv,"(26, 237, 0, 0)",30
813,inception4e.branch3.0.conv,"(24, 306, 0, 0)",30
814,inception4e.branch3.0.conv,"(3, 0, 0, 0)",30
815,inception4e.branch3.0.conv,"(2, 483, 0, 0)",30
816,inception4e.branch3.0.conv,"(28, 397, 0, 0)",30
817,inception4e.branch3.0.conv,"(31, 124, 0, 0)",30
818,inception4e.branch3.0.conv,"(11, 326, 0, 0)",30
819,inception4e.branch3.0.conv,"(15, 281, 0, 0)",30
820,inception4e.branch3.1.conv,"(112, 7, 2, 2)",30
821,inception4e.branch3.1.conv,"(90, 27, 1, 1)",30
822,inception4e.branch3.1.conv,"(41, 29, 2, 0)",30
823,inception4e.branch3.1.conv,"(8, 23, 0, 2)",30
824,inception4e.branch3.1.conv,"(46, 5, 2, 0)",30
825,inception4e.branch3.1.conv,"(97, 15, 2, 2)",30
826,inception4e.branch3.1.conv,"(22, 13, 1, 1)",30
827,inception4e.branch3.1.conv,"(1, 21, 0, 0)",30
828,inception4e.branch3.1.conv,"(69, 3, 1, 2)",30
829,inception4e.branch3.1.conv,"(88, 20, 2, 2)",30
830,inception4e.branch3.1.conv,"(79, 28, 1, 1)",30
831,inception4e.branch3.1.conv,"(110, 3, 1, 0)",30
832,inception4e.branch3.1.conv,"(7, 9, 1, 0)",30
833,inception4e.branch3.1.conv,"(5, 26, 1, 0)",30
834,inception4e.branch3.1.conv,"(125, 11, 0, 2)",30
835,inception4e.branch3.1.conv,"(125, 22, 2, 2)",30
836,inception4e.branch3.1.conv,"(77, 3, 1, 2)",30
837,inception4e.branch3.1.conv,"(117, 16, 0, 0)",30
838,inception4e.branch3.1.conv,"(116, 8, 1, 0)",30
839,inception4e.branch3.1.conv,"(95, 18, 0, 1)",30
840,inception4e.branch4.1.conv,"(10, 122, 0, 0)",30
841,inception4e.branch4.1.conv,"(110, 108, 0, 0)",30
842,inception4e.branch4.1.conv,"(117, 412, 0, 0)",30
843,inception4e.branch4.1.conv,"(105, 139, 0, 0)",30
844,inception4e.branch4.1.conv,"(113, 457, 0, 0)",30
845,inception4e.branch4.1.conv,"(20, 156, 0, 0)",30
846,inception4e.branch4.1.conv,"(49, 445, 0, 0)",30
847,inception4e.branch4.1.conv,"(107, 265, 0, 0)",30
848,inception4e.branch4.1.conv,"(24, 268, 0, 0)",30
849,inception4e.branch4.1.conv,"(29, 475, 0, 0)",30
850,inception4e.branch4.1.conv,"(41, 266, 0, 0)",30
851,inception4e.branch4.1.conv,"(0, 1, 0, 0)",30
852,inception4e.branch4.1.conv,"(28, 25, 0, 0)",30
853,inception4e.branch4.1.conv,"(26, 400, 0, 0)",30
854,inception4e.branch4.1.conv,"(6, 435, 0, 0)",30
855,inception4e.branch4.1.conv,"(122, 35, 0, 0)",30
856,inception4e.branch4.1.conv,"(44, 229, 0, 0)",30
857,inception4e.branch4.1.conv,"(127, 127, 0, 0)",30
858,inception4e.branch4.1.conv,"(16, 20, 0, 0)",30
859,inception4e.branch4.1.conv,"(17, 366, 0, 0)",30
860,inception5a.branch1.conv,"(130, 509, 0, 0)",30
861,inception5a.branch1.conv,"(131, 84, 0, 0)",30
862,inception5a.branch1.conv,"(138, 714, 0, 0)",30
863,inception5a.branch1.conv,"(93, 123, 0, 0)",30
864,inception5a.branch1.conv,"(229, 9, 0, 0)",30
865,inception5a.branch1.conv,"(246, 686, 0, 0)",30
866,inception5a.branch1.conv,"(218, 523, 0, 0)",30
867,inception5a.branch1.conv,"(50, 499, 0, 0)",30
868,inception5a.branch1.conv,"(39, 91, 0, 0)",30
869,inception5a.branch1.conv,"(124, 175, 0, 0)",30
870,inception5a.branch1.conv,"(172, 693, 0, 0)",30
871,inception5a.branch1.conv,"(144, 77, 0, 0)",30
872,inception5a.branch1.conv,"(159, 477, 0, 0)",30
873,inception5a.branch1.conv,"(9, 567, 0, 0)",30
874,inception5a.branch1.conv,"(11, 123, 0, 0)",30
875,inception5a.branch1.conv,"(151, 306, 0, 0)",30
876,inception5a.branch1.conv,"(55, 465, 0, 0)",30
877,inception5a.branch1.conv,"(237, 23, 0, 0)",30
878,inception5a.branch1.conv,"(16, 235, 0, 0)",30
879,inception5a.branch1.conv,"(36, 71, 0, 0)",30
880,inception5a.branch2.0.conv,"(74, 263, 0, 0)",30
881,inception5a.branch2.0.conv,"(138, 398, 0, 0)",30
882,inception5a.branch2.0.conv,"(70, 716, 0, 0)",30
883,inception5a.branch2.0.conv,"(84, 346, 0, 0)",30
884,inception5a.branch2.0.conv,"(117, 91, 0, 0)",30
885,inception5a.branch2.0.conv,"(56, 757, 0, 0)",30
886,inception5a.branch2.0.conv,"(79, 398, 0, 0)",30
887,inception5a.branch2.0.conv,"(121, 826, 0, 0)",30
888,inception5a.branch2.0.conv,"(87, 798, 0, 0)",30
889,inception5a.branch2.0.conv,"(52, 227, 0, 0)",30
890,inception5a.branch2.0.conv,"(37, 643, 0, 0)",30
891,inception5a.branch2.0.conv,"(96, 6, 0, 0)",30
892,inception5a.branch2.0.conv,"(58, 115, 0, 0)",30
893,inception5a.branch2.0.conv,"(97, 104, 0, 0)",30
894,inception5a.branch2.0.conv,"(102, 728, 0, 0)",30
895,inception5a.branch2.0.conv,"(95, 771, 0, 0)",30
896,inception5a.branch2.0.conv,"(53, 14, 0, 0)",30
897,inception5a.branch2.0.conv,"(23, 287, 0, 0)",30
898,inception5a.branch2.0.conv,"(9, 133, 0, 0)",30
899,inception5a.branch2.0.conv,"(146, 509, 0, 0)",30
900,inception5a.branch2.1.conv,"(163, 29, 2, 2)",30
901,inception5a.branch2.1.conv,"(54, 99, 0, 2)",30
902,inception5a.branch2.1.conv,"(179, 107, 1, 0)",30
903,inception5a.branch2.1.conv,"(287, 24, 1, 0)",30
904,inception5a.branch2.1.conv,"(38, 4, 1, 0)",30
905,inception5a.branch2.1.conv,"(217, 7, 2, 2)",30
906,inception5a.branch2.1.conv,"(19, 136, 1, 2)",30
907,inception5a.branch2.1.conv,"(149, 86, 2, 0)",30
908,inception5a.branch2.1.conv,"(227, 80, 0, 0)",30
909,inception5a.branch2.1.conv,"(255, 127, 1, 1)",30
910,inception5a.branch2.1.conv,"(304, 45, 0, 0)",30
911,inception5a.branch2.1.conv,"(168, 88, 1, 0)",30
912,inception5a.branch2.1.conv,"(284, 37, 0, 0)",30
913,inception5a.branch2.1.conv,"(202, 9, 1, 2)",30
914,inception5a.branch2.1.conv,"(239, 136, 1, 0)",30
915,inception5a.branch2.1.conv,"(104, 55, 0, 2)",30
916,inception5a.branch2.1.conv,"(15, 44, 0, 0)",30
917,inception5a.branch2.1.conv,"(287, 115, 2, 1)",30
918,inception5a.branch2.1.conv,"(160, 88, 0, 0)",30
919,inception5a.branch2.1.conv,"(244, 42, 2, 1)",30
920,inception5a.branch3.0.conv,"(18, 547, 0, 0)",30
921,inception5a.branch3.0.conv,"(9, 260, 0, 0)",30
922,inception5a.branch3.0.conv,"(9, 624, 0, 0)",30
923,inception5a.branch3.0.conv,"(4, 334, 0, 0)",30
924,inception5a.branch3.0.conv,"(12, 720, 0, 0)",30
925,inception5a.branch3.0.conv,"(5, 214, 0, 0)",30
926,inception5a.branch3.0.conv,"(21, 766, 0, 0)",30
927,inception5a.branch3.0.conv,"(28, 284, 0, 0)",30
928,inception5a.branch3.0.conv,"(13, 314, 0, 0)",30
929,inception5a.branch3.0.conv,"(26, 150, 0, 0)",30
930,inception5a.branch3.0.conv,"(19, 52, 0, 0)",30
931,inception5a.branch3.0.conv,"(10, 111, 0, 0)",30
932,inception5a.branch3.0.conv,"(28, 455, 0, 0)",30
933,inception5a.branch3.0.conv,"(20, 217, 0, 0)",30
934,inception5a.branch3.0.conv,"(15, 450, 0, 0)",30
935,inception5a.branch3.0.conv,"(17, 223, 0, 0)",30
936,inception5a.branch3.0.conv,"(31, 259, 0, 0)",30
937,inception5a.branch3.0.conv,"(26, 30, 0, 0)",30
938,inception5a.branch3.0.conv,"(1, 752, 0, 0)",30
939,inception5a.branch3.0.conv,"(10, 291, 0, 0)",30
940,inception5a.branch3.1.conv,"(125, 9, 2, 2)",30
941,inception5a.branch3.1.conv,"(79, 24, 0, 1)",30
942,inception5a.branch3.1.conv,"(1, 4, 0, 2)",30
943,inception5a.branch3.1.conv,"(79, 22, 0, 0)",30
944,inception5a.branch3.1.conv,"(100, 11, 1, 2)",30
945,inception5a.branch3.1.conv,"(97, 11, 1, 1)",30
946,inception5a.branch3.1.conv,"(26, 13, 1, 1)",30
947,inception5a.branch3.1.conv,"(78, 25, 0, 2)",30
948,inception5a.branch3.1.conv,"(48, 17, 1, 0)",30
949,inception5a.branch3.1.conv,"(11, 11, 1, 0)",30
950,inception5a.branch3.1.conv,"(36, 15, 0, 1)",30
951,inception5a.branch3.1.conv,"(44, 14, 2, 2)",30
952,inception5a.branch3.1.conv,"(102, 10, 1, 2)",30
953,inception5a.branch3.1.conv,"(121, 24, 0, 0)",30
954,inception5a.branch3.1.conv,"(58, 21, 1, 0)",30
955,inception5a.branch3.1.conv,"(77, 27, 0, 2)",30
956,inception5a.branch3.1.conv,"(116, 23, 2, 0)",30
957,inception5a.branch3.1.conv,"(76, 13, 1, 0)",30
958,inception5a.branch3.1.conv,"(117, 11, 1, 2)",30
959,inception5a.branch3.1.conv,"(62, 27, 2, 2)",30
960,inception5a.branch4.1.conv,"(102, 159, 0, 0)",30
961,inception5a.branch4.1.conv,"(32, 406, 0, 0)",30
962,inception5a.branch4.1.conv,"(67, 7, 0, 0)",30
963,inception5a.branch4.1.conv,"(107, 296, 0, 0)",30
964,inception5a.branch4.1.conv,"(126, 64, 0, 0)",30
965,inception5a.branch4.1.conv,"(17, 816, 0, 0)",30
966,inception5a.branch4.1.conv,"(89, 457, 0, 0)",30
967,inception5a.branch4.1.conv,"(88, 609, 0, 0)",30
968,inception5a.branch4.1.conv,"(14, 358, 0, 0)",30
969,inception5a.branch4.1.conv,"(100, 426, 0, 0)",30
970,inception5a.branch4.1.conv,"(21, 6, 0, 0)",30
971,inception5a.branch4.1.conv,"(68, 473, 0, 0)",30
972,inception5a.branch4.1.conv,"(13, 59, 0, 0)",30
973,inception5a.branch4.1.conv,"(82, 88, 0, 0)",30
974,inception5a.branch4.1.conv,"(93, 707, 0, 0)",30
975,inception5a.branch4.1.conv,"(77, 441, 0, 0)",30
976,inception5a.branch4.1.conv,"(36, 558, 0, 0)",30
977,inception5a.branch4.1.conv,"(113, 706, 0, 0)",30
978,inception5a.branch4.1.conv,"(49, 172, 0, 0)",30
979,inception5a.branch4.1.conv,"(107, 507, 0, 0)",30
980,inception5b.branch1.conv,"(367, 290, 0, 0)",30
981,inception5b.branch1.conv,"(214, 607, 0, 0)",30
982,inception5b.branch1.conv,"(211, 829, 0, 0)",30
983,inception5b.branch1.conv,"(85, 51, 0, 0)",30
984,inception5b.branch1.conv,"(328, 793, 0, 0)",30
985,inception5b.branch1.conv,"(155, 815, 0, 0)",30
986,inception5b.branch1.conv,"(179, 477, 0, 0)",30
987,inception5b.branch1.conv,"(188, 357, 0, 0)",30
988,inception5b.branch1.conv,"(25, 730, 0, 0)",30
989,inception5b.branch1.conv,"(283, 137, 0, 0)",30
990,inception5b.branch1.conv,"(38, 795, 0, 0)",30
991,inception5b.branch1.conv,"(151, 111, 0, 0)",30
992,inception5b.branch1.conv,"(157, 66, 0, 0)",30
993,inception5b.branch1.conv,"(249, 98, 0, 0)",30
994,inception5b.branch1.conv,"(287, 320, 0, 0)",30
995,inception5b.branch1.conv,"(360, 605, 0, 0)",30
996,inception5b.branch1.conv,"(161, 337, 0, 0)",30
997,inception5b.branch1.conv,"(271, 756, 0, 0)",30
998,inception5b.branch1.conv,"(163, 815, 0, 0)",30
999,inception5b.branch1.conv,"(361, 638, 0, 0)",30
1000,inception5b.branch2.0.conv,"(52, 345, 0, 0)",30
1001,inception5b.branch2.0.conv,"(76, 201, 0, 0)",30
1002,inception5b.branch2.0.conv,"(100, 56, 0, 0)",30
1003,inception5b.branch2.0.conv,"(57, 666, 0, 0)",30
1004,inception5b.branch2.0.conv,"(32, 31, 0, 0)",30
1005,inception5b.branch2.0.conv,"(106, 785, 0, 0)",30
1006,inception5b.branch2.0.conv,"(172, 410, 0, 0)",30
1007,inception5b.branch2.0.conv,"(141, 220, 0, 0)",30
1008,inception5b.branch2.0.conv,"(176, 406, 0, 0)",30
1009,inception5b.branch2.0.conv,"(21, 289, 0, 0)",30
1010,inception5b.branch2.0.conv,"(176, 311, 0, 0)",30
1011,inception5b.branch2.0.conv,"(29, 461, 0, 0)",30
1012,inception5b.branch2.0.conv,"(71, 99, 0, 0)",30
1013,inception5b.branch2.0.conv,"(102, 672, 0, 0)",30
1014,inception5b.branch2.0.conv,"(143, 46, 0, 0)",30
1015,inception5b.branch2.0.conv,"(130, 386, 0, 0)",30
1016,inception5b.branch2.0.conv,"(190, 175, 0, 0)",30
1017,inception5b.branch2.0.conv,"(74, 711, 0, 0)",30
1018,inception5b.branch2.0.conv,"(148, 629, 0, 0)",30
1019,inception5b.branch2.0.conv,"(30, 445, 0, 0)",30
1020,inception5b.branch2.1.conv,"(287, 123, 0, 2)",30
1021,inception5b.branch2.1.conv,"(112, 80, 1, 2)",30
1022,inception5b.branch2.1.conv,"(314, 178, 2, 1)",30
1023,inception5b.branch2.1.conv,"(241, 114, 1, 0)",30
1024,inception5b.branch2.1.conv,"(351, 114, 0, 1)",30
1025,inception5b.branch2.1.conv,"(290, 74, 0, 0)",30
1026,inception5b.branch2.1.conv,"(375, 91, 0, 0)",30
1027,inception5b.branch2.1.conv,"(327, 12, 1, 2)",30
1028,inception5b.branch2.1.conv,"(3, 0, 1, 2)",30
1029,inception5b.branch2.1.conv,"(340, 112, 2, 0)",30
1030,inception5b.branch2.1.conv,"(138, 176, 0, 1)",30
1031,inception5b.branch2.1.conv,"(48, 175, 2, 2)",30
1032,inception5b.branch2.1.conv,"(70, 109, 0, 1)",30
1033,inception5b.branch2.1.conv,"(64, 98, 0, 0)",30
1034,inception5b.branch2.1.conv,"(219, 178, 1, 1)",30
1035,inception5b.branch2.1.conv,"(230, 106, 2, 0)",30
1036,inception5b.branch2.1.conv,"(339, 113, 2, 0)",30
1037,inception5b.branch2.1.conv,"(252, 107, 0, 0)",30
1038,inception5b.branch2.1.conv,"(6, 136, 1, 0)",30
1039,inception5b.branch2.1.conv,"(241, 159, 2, 1)",30
1040,inception5b.branch3.0.conv,"(42, 300, 0, 0)",30
1041,inception5b.branch3.0.conv,"(31, 384, 0, 0)",30
1042,inception5b.branch3.0.conv,"(32, 804, 0, 0)",30
1043,inception5b.branch3.0.conv,"(37, 591, 0, 0)",30
1044,inception5b.branch3.0.conv,"(43, 761, 0, 0)",30
1045,inception5b.branch3.0.conv,"(47, 568, 0, 0)",30
1046,inception5b.branch3.0.conv,"(47, 724, 0, 0)",30
1047,inception5b.branch3.0.conv,"(8, 58, 0, 0)",30
1048,inception5b.branch3.0.conv,"(3, 586, 0, 0)",30
1049,inception5b.branch3.0.conv,"(0, 730, 0, 0)",30
1050,inception5b.branch3.0.conv,"(29, 112, 0, 0)",30
1051,inception5b.branch3.0.conv,"(47, 55, 0, 0)",30
1052,inception5b.branch3.0.conv,"(23, 165, 0, 0)",30
1053,inception5b.branch3.0.conv,"(31, 780, 0, 0)",30
1054,inception5b.branch3.0.conv,"(22, 666, 0, 0)",30
1055,inception5b.branch3.0.conv,"(35, 209, 0, 0)",30
1056,inception5b.branch3.0.conv,"(13, 483, 0, 0)",30
1057,inception5b.branch3.0.conv,"(15, 250, 0, 0)",30
1058,inception5b.branch3.0.conv,"(30, 198, 0, 0)",30
1059,inception5b.branch3.0.conv,"(22, 798, 0, 0)",30
1060,inception5b.branch3.1.conv,"(52, 47, 2, 0)",30
1061,inception5b.branch3.1.conv,"(21, 19, 2, 1)",30
1062,inception5b.branch3.1.conv,"(5, 9, 1, 0)",30
1063,inception5b.branch3.1.conv,"(52, 14, 2, 2)",30
1064,inception5b.branch3.1.conv,"(38, 17, 0, 1)",30
1065,inception5b.branch3.1.conv,"(96, 20, 1, 0)",30
1066,inception5b.branch3.1.conv,"(74, 42, 0, 1)",30
1067,inception5b.branch3.1.conv,"(106, 46, 0, 0)",30
1068,inception5b.branch3.1.conv,"(37, 37, 2, 0)",30
1069,inception5b.branch3.1.conv,"(83, 40, 1, 0)",30
1070,inception5b.branch3.1.conv,"(42, 4, 0, 1)",30
1071,inception5b.branch3.1.conv,"(89, 40, 1, 0)",30
1072,inception5b.branch3.1.conv,"(118, 12, 0, 2)",30
1073,inception5b.branch3.1.conv,"(78, 39, 1, 2)",30
1074,inception5b.branch3.1.conv,"(99, 19, 1, 2)",30
1075,inception5b.branch3.1.conv,"(81, 11, 2, 1)",30
1076,inception5b.branch3.1.conv,"(125, 33, 1, 1)",30
1077,inception5b.branch3.1.conv,"(12, 19, 0, 2)",30
1078,inception5b.branch3.1.conv,"(46, 41, 1, 0)",30
1079,inception5b.branch3.1.conv,"(123, 0, 2, 2)",30
1080,inception5b.branch4.1.conv,"(1, 770, 0, 0)",30
1081,inception5b.branch4.1.conv,"(73, 110, 0, 0)",30
1082,inception5b.branch4.1.conv,"(9, 521, 0, 0)",30
1083,inception5b.branch4.1.conv,"(87, 741, 0, 0)",30
1084,inception5b.branch4.1.conv,"(77, 271, 0, 0)",30
1085,inception5b.branch4.1.conv,"(124, 251, 0, 0)",30
1086,inception5b.branch4.1.conv,"(83, 326, 0, 0)",30
1087,inception5b.branch4.1.conv,"(33, 631, 0, 0)",30
1088,inception5b.branch4.1.conv,"(24, 120, 0, 0)",30
1089,inception5b.branch4.1.conv,"(86, 379, 0, 0)",30
1090,inception5b.branch4.1.conv,"(47, 715, 0, 0)",30
1091,inception5b.branch4.1.conv,"(94, 409, 0, 0)",30
1092,inception5b.branch4.1.conv,"(75, 61, 0, 0)",30
1093,inception5b.branch4.1.conv,"(117, 133, 0, 0)",30
1094,inception5b.branch4.1.conv,"(77, 6, 0, 0)",30
1095,inception5b.branch4.1.conv,"(111, 659, 0, 0)",30
1096,inception5b.branch4.1.conv,"(12, 218, 0, 0)",30
1097,inception5b.branch4.1.conv,"(39, 130, 0, 0)",30
1098,inception5b.branch4.1.conv,"(70, 94, 0, 0)",30
1099,inception5b.branch4.1.conv,"(89, 19, 0, 0)",30
1100,fc,"(9, 29)",30
1101,fc,"(7, 588)",30
1102,fc,"(7, 49)",30
1103,fc,"(6, 142)",30
1104,fc,"(5, 671)",30
1105,fc,"(7, 923)",30
1106,fc,"(9, 728)",30
1107,fc,"(2, 787)",30
1108,fc,"(0, 262)",30
1109,fc,"(2, 364)",30
1110,fc,"(5, 760)",30
1111,fc,"(2, 561)",30
1112,fc,"(5, 750)",30
1113,fc,"(3, 96)",30
1114,fc,"(2, 635)",30
1115,fc,"(6, 247)",30
1116,fc,"(3, 153)",30
1117,fc,"(1, 536)",30
1118,fc,"(0, 787)",30
1119,fc,"(9, 975)",30
